classname ; CvsEntropy ; CvsWEntropy ; CvsLinEntropy ; CvsLogEntropy ; CvsExpEntropy ; 
ext::framework::a::importer::Activator ; 1.11258 ; 0.0301612 ; 0.00568177 ; 0.0373952 ; 0.0173512 ; 
org::eclipse::osgi::framework::internal::reliablefile::ReliableFile ; 7.60794 ; 0.501074 ; 0.010183 ; 0.176179 ; 6.57449e-4 ; 
org::osgi::framework::ServiceEvent ; 6.44925 ; 0.113243 ; 0.0108567 ; 0.156537 ; 0.00528038 ; 
org::eclipse::osgi::framework::internal::core::BundleProtectionDomainImpl ; 3.0823 ; 0.0196326 ; 0.00357232 ; 0.0691437 ; 6.14191e-5 ; 
substitutes::z::Fz ; 0 ; 0 ; 0 ; 0 ; 0 ; 
circularity::test::Activator ; 0 ; 0 ; 0 ; 0 ; 0 ; 
org::eclipse::osgi::framework::internal::core::ConditionalPermissionSet ; 9.01949 ; 0.2172 ; 0.0113774 ; 0.206164 ; 4.14905e-4 ; 
org::eclipse::osgi::internal::module::BundleConstraint ; 5.09157 ; 0.0549516 ; 0.00754879 ; 0.119792 ; 0.00316005 ; 
org::eclipse::osgi::internal::resolver::SystemState ; 5.94951 ; 0.184141 ; 0.0093872 ; 0.142004 ; 0.00494446 ; 
org::eclipse::osgi::internal::module::VersionSupplier ; 5.76365 ; 0.0340833 ; 0.0224321 ; 0.168368 ; 0.068437 ; 
org::osgi::framework::ServicePermission ; 6.44925 ; 0.157973 ; 0.0108567 ; 0.156537 ; 0.00528038 ; 
org::eclipse::osgi::framework::internal::core::FrameworkProperties ; 1.27192 ; 0.00403564 ; 0.00217381 ; 0.0312557 ; 4.04701e-4 ; 
nativetest::d::Activator ; 0 ; 0 ; 0 ; 0 ; 0 ; 
substitutes::y::Ay ; 0 ; 0 ; 0 ; 0 ; 0 ; 
org::eclipse::osgi::framework::internal::core::ConsoleMsg ; 4.84372 ; 0.160196 ; 0.0123027 ; 0.130076 ; 0.0170805 ; 
substitutes::x::Kx ; 0 ; 0 ; 0 ; 0 ; 0 ; 
org::eclipse::equinox::launcher::Main ; 15.3228 ; 1.77892 ; 0.0759116 ; 0.503466 ; 0.22302 ; 
nativetest::b2::Activator ; 0 ; 0 ; 0 ; 0 ; 0 ; 
org::eclipse::osgi::internal::baseadaptor::DefaultClassLoader ; 7.7601 ; 0.231255 ; 0.0191814 ; 0.206167 ; 0.0277314 ; 
org::eclipse::osgi::framework::internal::core::StartLevelEvent ; 3.36934 ; 0.0233368 ; 0.00504088 ; 0.0799243 ; 8.04404e-4 ; 
org::eclipse::equinox::internal::launcher::Constants ; 1.05668 ; 0.0126795 ; 0.00315071 ; 0.030079 ; 0.00408372 ; 
org::eclipse::osgi::tests::appadmin::SimpleApp ; 0 ; 0 ; 0 ; 0 ; 0 ; 
org::eclipse::core::runtime::internal::stats::StatsManager ; 6.79581 ; 0.058801 ; 0.0223176 ; 0.19012 ; 0.056106 ; 
org::eclipse::osgi::baseadaptor::bundlefile::DirZipBundleEntry ; 4.04276 ; 0.0425374 ; 0.00680523 ; 0.0989508 ; 0.0012324 ; 
org::eclipse::osgi::framework::internal::core::BundlePermissionCollection ; 4.64163 ; 0.0354026 ; 0.0100626 ; 0.117441 ; 0.0184328 ; 
org::eclipse::osgi::util::TextProcessor ; 6.45548 ; 0.705261 ; 0.0501053 ; 0.243324 ; 0.153757 ; 
org::eclipse::osgi::framework::internal::core::DependentPolicy ; 4.27148 ; 0.0942259 ; 0.00837626 ; 0.108468 ; 0.00348376 ; 
org::eclipse::osgi::internal::resolver::GenericSpecificationImpl ; 0 ; 0 ; 0 ; 0 ; 0 ; 
org::eclipse::osgi::tests::services::resolver::SimplePlatformAdmin ; 1.45568 ; 0.00105933 ; 0.00233034 ; 0.0352055 ; 3.11875e-4 ; 
org::eclipse::core::runtime::internal::adaptor::Locker_JavaNio ; 5.03827 ; 0.0493392 ; 0.00823914 ; 0.122427 ; 0.00133874 ; 
thread::locktest::Class1 ; 0 ; 0 ; 0 ; 0 ; 0 ; 
legacy::lazystart::b::excluded::b::BBExcluded ; 0 ; 0 ; 0 ; 0 ; 0 ; 
org::eclipse::osgi::internal::signedcontent::PKCS7DateParser ; 0 ; 0 ; 0 ; 0 ; 0 ; 
chain::test::d::Activator ; 0 ; 0 ; 0 ; 0 ; 0 ; 
substitutes::y::Ny ; 0 ; 0 ; 0 ; 0 ; 0 ; 
osgi::lazystart::LazySimple ; 0 ; 0 ; 0 ; 0 ; 0 ; 
substitutes::x::Ix ; 0 ; 0 ; 0 ; 0 ; 0 ; 
org::eclipse::osgi::internal::module::ResolverExport ; 8.71607 ; 0.108434 ; 0.0156006 ; 0.212541 ; 0.0168249 ; 
org::eclipse::osgi::internal::resolver::StateObjectFactoryImpl ; 16.4888 ; 0.270134 ; 0.0494513 ; 0.45383 ; 0.113984 ; 
org::eclipse::osgi::framework::internal::core::StartLevelManager ; 16.8929 ; 0.722831 ; 0.0554018 ; 0.472266 ; 0.124749 ; 
org::eclipse::core::runtime::internal::adaptor::EclipseAppLauncher ; 7.43856 ; 0.102111 ; 0.032853 ; 0.229765 ; 0.0922434 ; 
org::eclipse::osgi::framework::internal::core::Msg ; 10.0342 ; 0.126347 ; 0.033086 ; 0.282877 ; 0.0771027 ; 
org::eclipse::osgi::internal::resolver::BundleDescriptionImpl ; 21.7572 ; 0.427406 ; 0.058311 ; 0.579346 ; 0.123561 ; 
org::eclipse::core::runtime::internal::adaptor::Locker_JavaIo ; 3.20237 ; 0.0530391 ; 0.010063 ; 0.0911809 ; 0.020623 ; 
org::eclipse::osgi::internal::resolver::StateMsg ; 10.6126 ; 0.0751567 ; 0.0403509 ; 0.31044 ; 0.118848 ; 
org::eclipse::osgi::framework::internal::core::BundleSource ; 3.36934 ; 0.0233368 ; 0.00504088 ; 0.0799243 ; 8.04404e-4 ; 
org::eclipse::osgi::storagemanager::StorageManager ; 5.51058 ; 0.240665 ; 0.030961 ; 0.182549 ; 0.08743 ; 
org::osgi::framework::FrameworkEvent ; 7.55192 ; 0.127693 ; 0.0121468 ; 0.181326 ; 0.00530405 ; 
org::eclipse::osgi::internal::resolver::StateDeltaImpl ; 8.38997 ; 0.052113 ; 0.025207 ; 0.228558 ; 0.0604196 ; 
org::eclipse::osgi::framework::internal::core::SystemBundleActivator ; 5.57623 ; 0.0240805 ; 0.00947894 ; 0.134134 ; 0.0101834 ; 
org::eclipse::osgi::framework::internal::core::AliasMapper ; 4.89304 ; 0.024276 ; 0.00691095 ; 0.11455 ; 8.53177e-4 ; 
org::eclipse::osgi::baseadaptor::bundlefile::DirBundleFile ; 5.00534 ; 0.0754136 ; 0.00951747 ; 0.125917 ; 0.00429287 ; 
legacy::lazystart::b::excluded::a::BAExcluded ; 0 ; 0 ; 0 ; 0 ; 0 ; 
substitutes::y::Ly ; 0 ; 0 ; 0 ; 0 ; 0 ; 
org::eclipse::osgi::framework::internal::reliablefile::ReliableFileOutputStream ; 5.63536 ; 0.0525932 ; 0.00834157 ; 0.133442 ; 0.00113745 ; 
org::eclipse::osgi::internal::module::VersionHashMap ; 11.4018 ; 0.137771 ; 0.0302431 ; 0.302681 ; 0.0592573 ; 
org::eclipse::osgi::framework::internal::core::MultiSourcePackage ; 6.46017 ; 0.0378043 ; 0.0106805 ; 0.156226 ; 0.00442143 ; 
org::eclipse::osgi::internal::provisional::service::security::AuthorizationEvent ; 0 ; 0 ; 0 ; 0 ; 0 ; 
org::eclipse::core::runtime::internal::adaptor::EclipseCommandProvider ; 10.3796 ; 0.429172 ; 0.0368341 ; 0.30198 ; 0.0923593 ; 
org::eclipse::core::runtime::internal::stats::BundleStats ; 1.80545 ; 0.0204604 ; 0.00325359 ; 0.0449517 ; 7.76991e-4 ; 
legacy::lazystart::FalseExceptionLegacy2 ; 0 ; 0 ; 0 ; 0 ; 0 ; 
org::osgi::service::permissionadmin::PermissionInfo ; 7.23572 ; 0.245985 ; 0.0100229 ; 0.168448 ; 0.00159788 ; 
org::eclipse::osgi::baseadaptor::bundlefile::MRUBundleFileList ; 10.1322 ; 0.393707 ; 0.0430045 ; 0.308139 ; 0.103594 ; 
org::eclipse::core::runtime::internal::adaptor::PluginParser ; 8.19537 ; 0.0595996 ; 0.0233627 ; 0.219499 ; 0.0555311 ; 
osgi::lazystart::c::excluded::b::CBExcluded ; 0 ; 0 ; 0 ; 0 ; 0 ; 
org::eclipse::osgi::tests::bundles::BundleInstaller ; 3.66794 ; 0.242556 ; 0.0240648 ; 0.133375 ; 0.0823985 ; 
substitutes::y::Jy ; 0 ; 0 ; 0 ; 0 ; 0 ; 
host::multiple::exports::PublicClass2 ; 0 ; 0 ; 0 ; 0 ; 0 ; 
org::eclipse::osgi::internal::resolver::VersionConstraintImpl ; 4.23984 ; 0.050055 ; 0.0233466 ; 0.137633 ; 0.0831489 ; 
org::eclipse::osgi::framework::eventmgr::EventThread ; 1.56389 ; 0.00383528 ; 0.00178729 ; 0.0349726 ; 2.74126e-5 ; 
legacy::lazystart::SimpleLegacy ; 0 ; 0 ; 0 ; 0 ; 0 ; 
org::eclipse::osgi::internal::signedcontent::Base64 ; 0 ; 0 ; 0 ; 0 ; 0 ; 
org::eclipse::osgi::internal::baseadaptor::BasePermissionStorage ; 1.5526 ; 0.0130683 ; 0.0024648 ; 0.0374733 ; 3.1645e-4 ; 
host::multiple::exports::PrivateClass2 ; 0 ; 0 ; 0 ; 0 ; 0 ; 
org::eclipse::osgi::framework::internal::core::ServiceRegistryImpl ; 2.66716 ; 0.0370864 ; 0.00493033 ; 0.0668241 ; 0.00133571 ; 
org::eclipse::core::runtime::internal::stats::ResourceBundleStats ; 1.80545 ; 0.0204604 ; 0.00325359 ; 0.0449517 ; 7.76991e-4 ; 
org::eclipse::core::runtime::internal::adaptor::EclipseClassLoadingHook ; 8.37205 ; 0.335622 ; 0.0527692 ; 0.290368 ; 0.136551 ; 
org::eclipse::osgi::internal::signedcontent::SignedContentImpl ; 1.00337 ; 0.0333408 ; 0.0184252 ; 0.059163 ; 0.0641151 ; 
org::eclipse::osgi::baseadaptor::bundlefile::BundleEntry ; 5.32311 ; 0.0549416 ; 0.0203139 ; 0.155851 ; 0.0560013 ; 
org::eclipse::osgi::internal::module::ResolverImpl ; 36.0219 ; 2.67075 ; 0.107839 ; 0.993943 ; 0.221266 ; 
osgi::lazystart::c::excluded::a::CAExcluded ; 0 ; 0 ; 0 ; 0 ; 0 ; 
nativetest::c::Activator ; 0 ; 0 ; 0 ; 0 ; 0 ; 
org::eclipse::osgi::framework::internal::protocol::MultiplexingURLStreamHandler ; 3.61726 ; 0.0523871 ; 0.0149135 ; 0.111739 ; 0.0415065 ; 
org::eclipse::osgi::service::resolver::DisabledInfo ; 1.782 ; 0.0263727 ; 0.0242588 ; 0.0892005 ; 0.0867542 ; 
substitutes::q::AFq ; 0 ; 0 ; 0 ; 0 ; 0 ; 
legacy::lazystart::TrueExceptionLegacy1 ; 0 ; 0 ; 0 ; 0 ; 0 ; 
org::eclipse::osgi::framework::internal::core::Framework ; 33.736 ; 1.34951 ; 0.093806 ; 0.90957 ; 0.195082 ; 
org::osgi::service::condpermadmin::ConditionInfo ; 7.2789 ; 0.201274 ; 0.00996334 ; 0.168955 ; 0.00157588 ; 
org::eclipse::osgi::framework::internal::core::PermissionsHash ; 3.36934 ; 0.0233368 ; 0.00504088 ; 0.0799243 ; 8.04404e-4 ; 
org::eclipse::osgi::service::pluginconversion::PluginConversionException ; 2.99799 ; 0.0330965 ; 0.00356772 ; 0.0676475 ; 7.77927e-5 ; 
nativetest::b1::Activator ; 0 ; 0 ; 0 ; 0 ; 0 ; 
org::eclipse::osgi::internal::signedcontent::BERProcessor ; 0 ; 0 ; 0 ; 0 ; 0 ; 
org::eclipse::osgi::framework::log::FrameworkLogEntry ; 5.74218 ; 0.127408 ; 0.00789918 ; 0.133789 ; 6.17421e-4 ; 
exporter::importer::Activator ; 0 ; 0 ; 0 ; 0 ; 0 ; 
org::eclipse::osgi::internal::baseadaptor::DevClassLoadingHook ; 3.47713 ; 0.0615772 ; 0.00604026 ; 0.0857186 ; 0.00139815 ; 
org::eclipse::core::runtime::internal::stats::ClassloaderStats ; 2.8028 ; 0.0476795 ; 0.00632482 ; 0.0736046 ; 0.00506405 ; 
org::eclipse::core::runtime::internal::adaptor::ClasspathManifest ; 2.23731 ; 0.016766 ; 0.00355164 ; 0.0539991 ; 4.55407e-4 ; 
org::eclipse::osgi::internal::resolver::StateHelperImpl ; 19.4467 ; 0.661068 ; 0.0480741 ; 0.507472 ; 0.0886258 ; 
circularity::test::a::Activator ; 0 ; 0 ; 0 ; 0 ; 0 ; 
org::osgi::framework::PackagePermission ; 5.38882 ; 0.159366 ; 0.00777846 ; 0.12658 ; 0.00153909 ; 
org::eclipse::osgi::internal::resolver::StateWriter ; 18.2652 ; 0.417263 ; 0.0490372 ; 0.488007 ; 0.0997127 ; 
org::eclipse::osgi::framework::internal::core::FrameworkSecurityManager ; 7.71238 ; 0.0709882 ; 0.02402 ; 0.212488 ; 0.0578919 ; 
org::eclipse::core::runtime::internal::adaptor::BundleLocalizationImpl ; 2.80848 ; 0.0264338 ; 0.0046749 ; 0.0685148 ; 8.72555e-4 ; 
org::eclipse::osgi::internal::module::PermissionChecker ; 10.8639 ; 0.115987 ; 0.0269159 ; 0.280953 ; 0.0560865 ; 
org::eclipse::osgi::framework::internal::core::SecurePermissionStorage ; 2.55158 ; 0.0336037 ; 0.00445707 ; 0.0628946 ; 0.00126381 ; 
org::eclipse::core::runtime::internal::adaptor::EclipseLogHook ; 1.45568 ; 0.0882774 ; 0.00233034 ; 0.0352055 ; 3.11875e-4 ; 
org::eclipse::osgi::framework::internal::core::SystemBundle ; 11.0202 ; 0.237714 ; 0.0535415 ; 0.341038 ; 0.152795 ; 
chain::test::c::Activator ; 0 ; 0 ; 0 ; 0 ; 0 ; 
org::eclipse::osgi::framework::internal::core::PackageSource ; 9.84115 ; 0.122068 ; 0.0204428 ; 0.250087 ; 0.0232856 ; 
org::eclipse::osgi::framework::internal::core::ServiceRegistrationImpl ; 13.8863 ; 0.389075 ; 0.0341551 ; 0.36207 ; 0.0609485 ; 
org::eclipse::osgi::framework::internal::protocol::reference::ReferenceURLConnection ; 6.72719 ; 0.0596479 ; 0.00862322 ; 0.154262 ; 4.27806e-4 ; 
org::eclipse::osgi::internal::profile::DefaultProfileLogger ; 2.71633 ; 0.133846 ; 0.0041602 ; 0.064995 ; 4.44512e-4 ; 
org::eclipse::osgi::internal::module::GenericCapability ; 0 ; 0 ; 0 ; 0 ; 0 ; 
org::eclipse::osgi::framework::internal::core::PolicyHandler ; 5.55183 ; 0.0656852 ; 0.0218849 ; 0.165368 ; 0.0582527 ; 
org::eclipse::osgi::framework::internal::core::ServiceUse ; 5.71254 ; 0.116713 ; 0.0253502 ; 0.171902 ; 0.0832536 ; 
org::eclipse::osgi::internal::resolver::BundleDeltaImpl ; 3.38341 ; 0.00627343 ; 0.00387981 ; 0.0757162 ; 6.20124e-5 ; 
org::eclipse::osgi::internal::profile::Profile ; 2.71633 ; 0.0962163 ; 0.0041602 ; 0.064995 ; 4.44512e-4 ; 
org::eclipse::core::runtime::internal::adaptor::URLConverterImpl ; 2.23731 ; 0.0122874 ; 0.00355164 ; 0.0539991 ; 4.55407e-4 ; 
org::eclipse::core::runtime::internal::adaptor::ContextFinder ; 12.6435 ; 0.72654 ; 0.0282441 ; 0.328829 ; 0.0309022 ; 
org::eclipse::osgi::baseadaptor::bundlefile::BundleFile ; 9.83384 ; 0.120935 ; 0.0239365 ; 0.262567 ; 0.0270771 ; 
legacy::lazystart::c::Activator ; 0 ; 0 ; 0 ; 0 ; 0 ; 
chain::test::b::BChain ; 0 ; 0 ; 0 ; 0 ; 0 ; 
ext::extclasspath::a::importer::Activator ; 1.11258 ; 0.0301612 ; 0.00568177 ; 0.0373952 ; 0.0173512 ; 
org::eclipse::osgi::internal::signedcontent::TrustEngineListener ; 1.53632 ; 0.0286861 ; 0.0412709 ; 0.12341 ; 0.108877 ; 
substitutes::x::Ax ; 0 ; 0 ; 0 ; 0 ; 0 ; 
org::eclipse::osgi::internal::resolver::BaseDescriptionImpl ; 3.66738 ; 0.00893218 ; 0.00485337 ; 0.084597 ; 4.07824e-4 ; 
org::eclipse::core::runtime::internal::adaptor::EclipseLazyStarter ; 7.90097 ; 0.326291 ; 0.0299019 ; 0.234359 ; 0.0743943 ; 
org::eclipse::core::runtime::adaptor::LocationManager ; 15.1537 ; 0.697616 ; 0.0504974 ; 0.425571 ; 0.109464 ; 
org::eclipse::osgi::internal::signedcontent::PKCS7Processor ; 0 ; 0 ; 0 ; 0 ; 0 ; 
org::eclipse::osgi::internal::signedcontent::SignatureBlockProcessor ; 0 ; 0 ; 0 ; 0 ; 0 ; 
org::eclipse::osgi::framework::internal::protocol::MultiplexingFactory ; 1.27192 ; 0.00403564 ; 0.00217381 ; 0.0312557 ; 4.04701e-4 ; 
org::eclipse::core::runtime::internal::adaptor::EclipseEnvironmentInfo ; 3.20728 ; 0.0410673 ; 0.00909957 ; 0.0878054 ; 0.0189425 ; 
org::eclipse::osgi::internal::signedcontent::BundleInstallListener ; 0.816746 ; 0.00601882 ; 0.0128408 ; 0.0441128 ; 0.0476675 ; 
org::eclipse::core::runtime::internal::adaptor::Semaphore ; 2.99956 ; 0.0221878 ; 0.00620245 ; 0.0772125 ; 0.00307906 ; 
osgi::lazystart::LazyExclude1 ; 0 ; 0 ; 0 ; 0 ; 0 ; 
substitutes::x::Nx ; 0 ; 0 ; 0 ; 0 ; 0 ; 
osgi::lazystart::b::excluded::b::BBExcluded ; 0 ; 0 ; 0 ; 0 ; 0 ; 
org::eclipse::equinox::launcher::WebStartMain ; 7.74631 ; 0.748927 ; 0.0391368 ; 0.255544 ; 0.117569 ; 
org::eclipse::core::runtime::internal::adaptor::LocationHelper ; 0 ; 0 ; 0 ; 0 ; 0 ; 
org::eclipse::core::runtime::internal::adaptor::DefaultStartupMonitor ; 1.23279 ; 0.028671 ; 0.00329293 ; 0.0340271 ; 0.00322608 ; 
org::eclipse::osgi::framework::internal::protocol::ContentHandlerFactory ; 12.8303 ; 0.109973 ; 0.0201323 ; 0.307556 ; 0.00482416 ; 
osgi::lazystart::c::Activator ; 0 ; 0 ; 0 ; 0 ; 0 ; 
org::eclipse::osgi::framework::internal::core::BundleResourceHandler ; 11.2716 ; 0.0832847 ; 0.0190556 ; 0.274125 ; 0.00948777 ; 
org::eclipse::osgi::framework::internal::core::BundleHost ; 25.1033 ; 0.588834 ; 0.0746115 ; 0.683134 ; 0.119439 ; 
org::eclipse::core::runtime::internal::adaptor::BasicLocation ; 5.09245 ; 0.155495 ; 0.0251327 ; 0.164635 ; 0.07697 ; 
org::eclipse::osgi::internal::resolver::GenericDescriptionImpl ; 0 ; 0 ; 0 ; 0 ; 0 ; 
org::eclipse::osgi::framework::internal::core::FrameworkCommandProvider ; 20.7622 ; 1.07722 ; 0.0467079 ; 0.538207 ; 0.0602701 ; 
osgi::lazystart::LazyInclude1 ; 0 ; 0 ; 0 ; 0 ; 0 ; 
org::eclipse::osgi::framework::internal::core::FrameworkCommandInterpreter ; 11.5097 ; 0.579979 ; 0.0346268 ; 0.315998 ; 0.080062 ; 
org::eclipse::osgi::internal::baseadaptor::SystemBundleData ; 3.74492 ; 0.0435093 ; 0.00786638 ; 0.0965133 ; 0.00520896 ; 
org::eclipse::osgi::internal::baseadaptor::BundleUpdate ; 2.23731 ; 0.0272677 ; 0.00355164 ; 0.0539991 ; 4.55407e-4 ; 
org::eclipse::osgi::internal::resolver::StateReader ; 21.5348 ; 0.479871 ; 0.0542056 ; 0.566668 ; 0.100592 ; 
org::eclipse::osgi::internal::signedcontent::SignedBundleFile ; 1.38948 ; 0.0377823 ; 0.0280779 ; 0.086965 ; 0.0927189 ; 
org::eclipse::osgi::framework::internal::core::ConditionalPermissionInfoImpl ; 12.3019 ; 0.253672 ; 0.0274271 ; 0.308872 ; 0.0553026 ; 
org::eclipse::osgi::internal::signedcontent::SignedContentMessages ; 0.894814 ; 0.0237184 ; 0.0117639 ; 0.0440723 ; 0.0461278 ; 
org::eclipse::osgi::framework::eventmgr::EventListeners ; 7.82058 ; 0.0604007 ; 0.0396496 ; 0.245305 ; 0.119761 ; 
xfriends::test3::Activator ; 0 ; 0 ; 0 ; 0 ; 0 ; 
org::eclipse::osgi::util::NLS ; 9.49506 ; 0.484675 ; 0.0432681 ; 0.287726 ; 0.125841 ; 
org::eclipse::osgi::framework::debug::Debug ; 9.9193 ; 0.203845 ; 0.0144459 ; 0.23388 ; 0.00207367 ; 
org::eclipse::osgi::framework::internal::core::PackageAdminImpl ; 27.5814 ; 0.811584 ; 0.080838 ; 0.756585 ; 0.170416 ; 
org::eclipse::osgi::internal::baseadaptor::BaseHookConfigurator ; 2.7276 ; 0.0252222 ; 0.00450414 ; 0.0664612 ; 7.16577e-4 ; 
org::eclipse::osgi::baseadaptor::bundlefile::ZipBundleFile ; 10.7773 ; 0.280545 ; 0.0357949 ; 0.308028 ; 0.0781678 ; 
substitutes::y::By ; 0 ; 0 ; 0 ; 0 ; 0 ; 
substitutes::x::Lx ; 0 ; 0 ; 0 ; 0 ; 0 ; 
osgi::lazystart::b::excluded::a::BAExcluded ; 0 ; 0 ; 0 ; 0 ; 0 ; 
org::eclipse::osgi::framework::internal::core::BundleLoader ; 27.0966 ; 1.23574 ; 0.0715919 ; 0.723326 ; 0.136933 ; 
org::eclipse::osgi::framework::internal::core::ExportedPackageImpl ; 8.59336 ; 0.129787 ; 0.0185703 ; 0.218639 ; 0.0292815 ; 
org::eclipse::osgi::framework::internal::protocol::URLStreamHandlerProxy ; 6.60072 ; 0.167939 ; 0.0205964 ; 0.179821 ; 0.0554315 ; 
org::osgi::framework::InvalidSyntaxException ; 8.29275 ; 0.113254 ; 0.0131479 ; 0.198537 ; 0.0053541 ; 
org::eclipse::osgi::baseadaptor::loader::ClasspathManager ; 10.4053 ; 0.543131 ; 0.0494132 ; 0.327027 ; 0.101643 ; 
org::eclipse::osgi::framework::internal::core::SystemBundleLoader ; 6.22347 ; 0.244503 ; 0.0135029 ; 0.158543 ; 0.0209589 ; 
org::eclipse::osgi::internal::baseadaptor::AdaptorUtil ; 7.01743 ; 0.100508 ; 0.027289 ; 0.208953 ; 0.0725072 ; 
org::eclipse::osgi::framework::util::SecureAction ; 15.226 ; 0.340267 ; 0.0365523 ; 0.394734 ; 0.0631769 ; 
org::eclipse::osgi::framework::internal::protocol::reference::Handler ; 3.36934 ; 0.0233368 ; 0.00504088 ; 0.0799243 ; 8.04404e-4 ; 
org::eclipse::osgi::baseadaptor::loader::FragmentClasspath ; 4.04276 ; 0.0321498 ; 0.00680523 ; 0.0989508 ; 0.0012324 ; 
org::eclipse::osgi::framework::internal::core::AbstractBundle ; 30.3698 ; 0.727254 ; 0.11462 ; 0.88573 ; 0.267032 ; 
org::eclipse::osgi::framework::internal::reliablefile::ReliableFileInputStream ; 5.63536 ; 0.044671 ; 0.00834157 ; 0.133442 ; 0.00113745 ; 
host::multiple::exports::onlyone::PublicClass1 ; 0 ; 0 ; 0 ; 0 ; 0 ; 
substitutes::z::Ez ; 0 ; 0 ; 0 ; 0 ; 0 ; 
substitutes::x::Jx ; 0 ; 0 ; 0 ; 0 ; 0 ; 
org::eclipse::osgi::internal::baseadaptor::BundleInstall ; 2.23731 ; 0.0221957 ; 0.00355164 ; 0.0539991 ; 4.55407e-4 ; 
nativetest::a2::Activator ; 0 ; 0 ; 0 ; 0 ; 0 ; 
org::eclipse::osgi::framework::internal::core::BundleCombinedPermissions ; 8.89851 ; 0.144607 ; 0.0232527 ; 0.231539 ; 0.0551954 ; 
org::eclipse::osgi::tests::appadmin::FailedApp ; 0 ; 0 ; 0 ; 0 ; 0 ; 
client2::multiple::exports::Activator ; 0 ; 0 ; 0 ; 0 ; 0 ; 
org::eclipse::osgi::internal::provisional::service::security::AuthorizationStatus ; 0 ; 0 ; 0 ; 0 ; 0 ; 
org::eclipse::core::runtime::adaptor::EclipseStarter ; 38.2812 ; 2.09375 ; 0.149026 ; 1.12823 ; 0.328692 ; 
org::eclipse::osgi::service::resolver::VersionRange ; 6.91692 ; 0.029826 ; 0.0373884 ; 0.220354 ; 0.118994 ; 
org::eclipse::osgi::internal::module::GroupingChecker ; 16.5442 ; 1.32279 ; 0.0437113 ; 0.440377 ; 0.0850151 ; 
org::eclipse::core::runtime::internal::adaptor::EclipseErrorHandler ; 2.23731 ; 0.0302164 ; 0.00355164 ; 0.0539991 ; 4.55407e-4 ; 
legacy::lazystart::TrueExceptionLegacy2 ; 0 ; 0 ; 0 ; 0 ; 0 ; 
org::eclipse::osgi::baseadaptor::bundlefile::ZipBundleEntry ; 7.8367 ; 0.270869 ; 0.0449137 ; 0.262245 ; 0.134582 ; 
org::osgi::framework::BundleException ; 7.23232 ; 0.095036 ; 0.0100697 ; 0.16858 ; 0.00161281 ; 
org::eclipse::osgi::framework::internal::core::SystemPolicy ; 1.28035 ; 0.00229861 ; 0.0135087 ; 0.0568998 ; 0.0547689 ; 
org::eclipse::osgi::framework::util::Headers ; 8.96461 ; 0.401919 ; 0.0144483 ; 0.216101 ; 0.00449742 ; 
org::eclipse::osgi::framework::internal::core::PermissionAdminImpl ; 12.9001 ; 0.35029 ; 0.0294786 ; 0.327427 ; 0.0562521 ; 
org::eclipse::osgi::internal::baseadaptor::InvalidVersion ; 4.6384 ; 0.0386101 ; 0.0192271 ; 0.139325 ; 0.0558623 ; 
substitutes::y::My ; 0 ; 0 ; 0 ; 0 ; 0 ; 
org::eclipse::osgi::internal::resolver::ComputeNodeOrder ; 5.37258 ; 0.0266627 ; 0.0090543 ; 0.129977 ; 0.00651095 ; 
org::eclipse::osgi::framework::util::KeyedHashSet ; 4.04276 ; 0.0985122 ; 0.00680523 ; 0.0989508 ; 0.0012324 ; 
chain::test::b::Activator ; 0 ; 0 ; 0 ; 0 ; 0 ; 
org::eclipse::osgi::internal::resolver::UserState ; 4.60695 ; 0.119214 ; 0.00788788 ; 0.112732 ; 0.00257616 ; 
org::eclipse::osgi::internal::signedcontent::SignedBundleHook ; 2.6703 ; 0.0268895 ; 0.034787 ; 0.13087 ; 0.129104 ; 
org::eclipse::core::runtime::internal::adaptor::PluginConverterImpl ; 11.7006 ; 0.184042 ; 0.0294548 ; 0.305974 ; 0.0568029 ; 
org::eclipse::osgi::internal::resolver::HostSpecificationImpl ; 5.41761 ; 0.0200353 ; 0.00949089 ; 0.131371 ; 0.0102415 ; 
org::osgi::framework::BundlePermission ; 9.006 ; 0.680116 ; 0.0139718 ; 0.214537 ; 0.00536056 ; 
org::eclipse::osgi::internal::signedcontent::LegacyVerifierFactory ; 0 ; 0 ; 0 ; 0 ; 0 ; 
org::eclipse::osgi::framework::internal::core::GlobalPolicy ; 4.27148 ; 0.132549 ; 0.00837626 ; 0.108468 ; 0.00348376 ; 
org::eclipse::osgi::framework::internal::core::BundleContextImpl ; 15.07 ; 0.308881 ; 0.0547618 ; 0.42891 ; 0.126098 ; 
legacy::lazystart::b::Activator ; 0 ; 0 ; 0 ; 0 ; 0 ; 
org::eclipse::osgi::framework::debug::FrameworkDebugOptions ; 2.90044 ; 0.00629642 ; 0.00408857 ; 0.0679942 ; 3.32869e-4 ; 
org::eclipse::osgi::internal::module::ResolverConstraint ; 5.80382 ; 0.0817917 ; 0.0346087 ; 0.203948 ; 0.11455 ; 
org::eclipse::osgi::internal::module::MappedList ; 0 ; 0 ; 0 ; 0 ; 0 ; 
org::eclipse::osgi::framework::internal::protocol::URLStreamHandlerSetter ; 3.36934 ; 0.0233368 ; 0.00504088 ; 0.0799243 ; 8.04404e-4 ; 
org::eclipse::osgi::framework::internal::core::SingleSourcePackage ; 6.16292 ; 0.0324196 ; 0.0138021 ; 0.158311 ; 0.0219184 ; 
org::osgi::framework::FrameworkUtil ; 5.15419 ; 0.114107 ; 0.0105398 ; 0.1318 ; 0.00655156 ; 
org::eclipse::osgi::framework::internal::core::ManifestLocalization ; 6.72772 ; 0.124285 ; 0.0391495 ; 0.226623 ; 0.0687957 ; 
org::eclipse::core::runtime::internal::adaptor::EclipseAdaptorHook ; 6.31789 ; 0.227813 ; 0.0406183 ; 0.219534 ; 0.124534 ; 
org::eclipse::osgi::framework::internal::core::Constants ; 16.069 ; 0.131181 ; 0.0416158 ; 0.419616 ; 0.0889745 ; 
org::osgi::service::condpermadmin::BundleLocationCondition ; 6.88373 ; 0.159463 ; 0.00971829 ; 0.160984 ; 0.00161592 ; 
org::eclipse::osgi::internal::service::security::DefaultAuthorizationEngine ; 4.27896 ; 0.189308 ; 0.0628312 ; 0.22498 ; 0.215324 ; 
org::eclipse::osgi::internal::signedcontent::SignedStorageHook ; 0 ; 0 ; 0 ; 0 ; 0 ; 
org::eclipse::osgi::framework::internal::core::FrameworkConsole ; 17.6953 ; 1.0227 ; 0.0736928 ; 0.532231 ; 0.199519 ; 
org::eclipse::osgi::framework::internal::protocol::ContentHandlerProxy ; 6.60072 ; 0.163109 ; 0.0205964 ; 0.179821 ; 0.0554315 ; 
org::eclipse::osgi::internal::resolver::ResolverErrorImpl ; 6.22082 ; 0.0783869 ; 0.0179558 ; 0.171417 ; 0.038027 ; 
substitutes::y::Ky ; 0 ; 0 ; 0 ; 0 ; 0 ; 
org::osgi::framework::AdminPermission ; 13.805 ; 0.995158 ; 0.0321697 ; 0.354113 ; 0.0592982 ; 
org::eclipse::osgi::internal::signedcontent::SignerInfoImpl ; 0 ; 0 ; 0 ; 0 ; 0 ; 
org::eclipse::core::launcher::Main ; 1.69869 ; 0.0601907 ; 0.00529719 ; 0.0489429 ; 0.00777886 ; 
org::eclipse::osgi::baseadaptor::BaseData ; 8.65833 ; 0.221717 ; 0.0179208 ; 0.222256 ; 0.0117623 ; 
osgi::lazystart::b::Activator ; 0 ; 0 ; 0 ; 0 ; 0 ; 
org::eclipse::osgi::framework::adaptor::BundleProtectionDomain ; 6.55322 ; 0.036488 ; 0.00770707 ; 0.147474 ; 1.55169e-4 ; 
org::eclipse::osgi::framework::adaptor::FilePath ; 2.75305 ; 0.0091516 ; 0.0155124 ; 0.0911691 ; 0.0548736 ; 
org::eclipse::osgi::internal::baseadaptor::DevClassPathHelper ; 1.5526 ; 0.0184215 ; 0.0024648 ; 0.0374733 ; 3.1645e-4 ; 
osgi::lazystart::LazyExclude2 ; 0 ; 0 ; 0 ; 0 ; 0 ; 
org::eclipse::osgi::baseadaptor::BaseAdaptor ; 5.08544 ; 0.137283 ; 0.00968362 ; 0.127419 ; 0.00680595 ; 
org::eclipse::osgi::internal::resolver::ImportPackageSpecificationImpl ; 12.9885 ; 0.17406 ; 0.0360633 ; 0.344082 ; 0.0845679 ; 
org::eclipse::osgi::framework::internal::core::FilteredSourcePackage ; 6.16292 ; 0.0373794 ; 0.0138021 ; 0.158311 ; 0.0219184 ; 
org::eclipse::osgi::internal::resolver::NativeCodeSpecificationImpl ; 3.68818 ; 0.1925 ; 0.0244717 ; 0.135548 ; 0.0883042 ; 
org::osgi::framework::BundleEvent ; 8.82648 ; 0.214961 ; 0.0151456 ; 0.215315 ; 0.00731411 ; 
org::eclipse::osgi::internal::baseadaptor::BundleUninstall ; 1.5526 ; 0.0107065 ; 0.0024648 ; 0.0374733 ; 3.1645e-4 ; 
org::eclipse::osgi::internal::resolver::NativeCodeDescriptionImpl ; 0 ; 0 ; 0 ; 0 ; 0 ; 
org::eclipse::osgi::internal::baseadaptor::BaseStorage ; 20.3646 ; 0.844937 ; 0.0870271 ; 0.625331 ; 0.222811 ; 
org::eclipse::osgi::framework::internal::protocol::bundleresource::Handler ; 6.22636 ; 0.0292961 ; 0.0105656 ; 0.151156 ; 0.00678987 ; 
org::osgi::framework::Version ; 6.87477 ; 0.0971116 ; 0.0113859 ; 0.16624 ; 0.00529384 ; 
xfriends::test2::Activator ; 0 ; 0 ; 0 ; 0 ; 0 ; 
org::eclipse::osgi::storagemanager::ManagedOutputStream ; 3.24068 ; 0.00937033 ; 0.0219768 ; 0.113162 ; 0.0645705 ; 
org::eclipse::osgi::baseadaptor::loader::ClasspathEntry ; 4.04276 ; 0.0334094 ; 0.00680523 ; 0.0989508 ; 0.0012324 ; 
org::eclipse::osgi::framework::internal::core::Util ; 3.36934 ; 0.0233368 ; 0.00504088 ; 0.0799243 ; 8.04404e-4 ; 
osgi::lazystart::LazyInclude2 ; 0 ; 0 ; 0 ; 0 ; 0 ; 
chain::test::a::AChain ; 0 ; 0 ; 0 ; 0 ; 0 ; 
org::eclipse::osgi::internal::resolver::ReadOnlyState ; 16.3188 ; 0.123923 ; 0.0443781 ; 0.435704 ; 0.0966744 ; 
substitutes::y::Iy ; 0 ; 0 ; 0 ; 0 ; 0 ; 
client1::multiple::exports::Activator ; 0 ; 0 ; 0 ; 0 ; 0 ; 
org::eclipse::osgi::internal::module::ResolverImport ; 6.42741 ; 0.120058 ; 0.00924943 ; 0.150411 ; 0.00321324 ; 
org::eclipse::osgi::framework::internal::protocol::NullURLStreamHandlerService ; 3.36934 ; 0.0233368 ; 0.00504088 ; 0.0799243 ; 8.04404e-4 ; 
org::eclipse::osgi::framework::internal::core::FilteredServiceListener ; 4.65896 ; 0.159571 ; 0.0184419 ; 0.136297 ; 0.0560989 ; 
org::eclipse::core::runtime::adaptor::EclipseLog ; 14.3621 ; 0.540803 ; 0.0437173 ; 0.390746 ; 0.104634 ; 
org::eclipse::osgi::internal::baseadaptor::StateManager ; 5.64169 ; 0.0966717 ; 0.0156634 ; 0.1548 ; 0.0276204 ; 
org::eclipse::osgi::baseadaptor::HookRegistry ; 5.67634 ; 0.12793 ; 0.0214375 ; 0.167018 ; 0.057939 ; 
org::eclipse::osgi::service::security::TrustEngine ; 2.28372 ; 0.00948452 ; 0.0319338 ; 0.116063 ; 0.118884 ; 
org::eclipse::osgi::framework::internal::core::BundleLoaderProxy ; 17.541 ; 0.243089 ; 0.0484294 ; 0.472579 ; 0.100283 ; 
org::eclipse::osgi::util::ManifestElement ; 9.68165 ; 0.311328 ; 0.0129467 ; 0.224078 ; 9.18523e-4 ; 
org::eclipse::osgi::framework::internal::core::RegisteredPolicy ; 4.27148 ; 0.104025 ; 0.00837626 ; 0.108468 ; 0.00348376 ; 
org::eclipse::osgi::framework::eventmgr::ListenerQueue ; 6.81721 ; 0.0312508 ; 0.0212244 ; 0.186142 ; 0.0556459 ; 
org::eclipse::core::runtime::internal::adaptor::EclipseStorageHook ; 7.23456 ; 0.301141 ; 0.0253898 ; 0.208509 ; 0.0609208 ; 
org::osgi::service::url::AbstractURLStreamHandlerService ; 4.35837 ; 0.0823365 ; 0.00641311 ; 0.102749 ; 0.00147895 ; 
org::eclipse::osgi::framework::internal::core::OSGi ; 6.12239 ; 0.0462415 ; 0.0205532 ; 0.171093 ; 0.055678 ; 
test1::Activator ; 0 ; 0 ; 0 ; 0 ; 0 ; 
nativetest::a1::Activator ; 0 ; 0 ; 0 ; 0 ; 0 ; 
org::eclipse::osgi::internal::signedcontent::SignedContentFile ; 0 ; 0 ; 0 ; 0 ; 0 ; 
org::eclipse::equinox::launcher::JNIBridge ; 4.53581 ; 0.157968 ; 0.0152032 ; 0.133315 ; 0.0264943 ; 
org::eclipse::core::runtime::internal::adaptor::MessageHelper ; 0 ; 0 ; 0 ; 0 ; 0 ; 
substitutes::x::Bx ; 0 ; 0 ; 0 ; 0 ; 0 ; 
org::eclipse::osgi::framework::internal::core::ConditionalPermissions ; 9.10093 ; 0.0808095 ; 0.0114799 ; 0.208031 ; 4.15436e-4 ; 
legacy::lazystart::c::excluded::b::CBExcluded ; 0 ; 0 ; 0 ; 0 ; 0 ; 
org::eclipse::osgi::internal::module::GenericConstraint ; 1.03146 ; 0.0029311 ; 0.00484775 ; 0.0337279 ; 0.0135787 ; 
org::eclipse::osgi::framework::internal::core::NullPackageSource ; 7.55094 ; 0.0319402 ; 0.0225399 ; 0.204387 ; 0.0559117 ; 
org::eclipse::osgi::internal::resolver::StateImpl ; 30.7015 ; 1.00321 ; 0.0822609 ; 0.824092 ; 0.156827 ; 
org::eclipse::osgi::internal::service::security::KeyStoreTrustEngine ; 2.95723 ; 0.38182 ; 0.051926 ; 0.178434 ; 0.15454 ; 
org::osgi::service::condpermadmin::BundleSignerCondition ; 7.35911 ; 0.141696 ; 0.0103033 ; 0.171798 ; 0.00162962 ; 
chain::test::a::Activator ; 0 ; 0 ; 0 ; 0 ; 0 ; 
org::eclipse::osgi::framework::internal::core::BundleFragment ; 9.22487 ; 0.0576901 ; 0.026098 ; 0.246306 ; 0.062634 ; 
org::eclipse::osgi::framework::internal::core::BundleURLConnection ; 4.83075 ; 0.0157717 ; 0.00772207 ; 0.116694 ; 0.00119813 ; 
org::eclipse::osgi::framework::internal::protocol::StreamHandlerFactory ; 14.9282 ; 0.225884 ; 0.0229742 ; 0.356326 ; 0.00496911 ; 
org::eclipse::osgi::framework::internal::protocol::MultiplexingContentHandler ; 1.27192 ; 0.00403564 ; 0.00217381 ; 0.0312557 ; 4.04701e-4 ; 
org::eclipse::osgi::framework::internal::core::ParentPolicy ; 0 ; 0 ; 0 ; 0 ; 0 ; 
org::eclipse::osgi::framework::internal::core::Tokenizer ; 1.80545 ; 0.0204604 ; 0.00325359 ; 0.0449517 ; 7.76991e-4 ; 
org::eclipse::osgi::framework::eventmgr::ListElement ; 1.56389 ; 0.00383528 ; 0.00178729 ; 0.0349726 ; 2.74126e-5 ; 
org::eclipse::osgi::framework::eventmgr::EventManager ; 9.77668 ; 0.554407 ; 0.0382825 ; 0.286879 ; 0.090257 ; 
legacy::lazystart::a::Activator ; 0 ; 0 ; 0 ; 0 ; 0 ; 
org::eclipse::osgi::internal::baseadaptor::AdaptorMsg ; 6.45874 ; 0.0565293 ; 0.0225648 ; 0.184811 ; 0.0568101 ; 
thread::locktest::Activator ; 0 ; 0 ; 0 ; 0 ; 0 ; 
legacy::lazystart::FalseExceptionLegacy1 ; 0 ; 0 ; 0 ; 0 ; 0 ; 
legacy::lazystart::c::excluded::a::CAExcluded ; 0 ; 0 ; 0 ; 0 ; 0 ; 
org::eclipse::osgi::framework::internal::protocol::bundleentry::Handler ; 6.22636 ; 0.0278593 ; 0.0105656 ; 0.151156 ; 0.00678987 ; 
org::eclipse::core::runtime::internal::adaptor::CachedManifest ; 6.36008 ; 0.0712038 ; 0.0227025 ; 0.183285 ; 0.0577018 ; 
org::eclipse::osgi::signedcontent::InvalidContentException ; 2.28372 ; 0.00392771 ; 0.0319338 ; 0.116063 ; 0.118884 ; 
org::eclipse::osgi::framework::internal::core::FilterImpl ; 13.1284 ; 0.826728 ; 0.0339478 ; 0.34585 ; 0.0665159 ; 
org::eclipse::osgi::internal::resolver::ExportPackageDescriptionImpl ; 8.36608 ; 0.102978 ; 0.0227564 ; 0.219957 ; 0.055373 ; 
host::multiple::exports::PublicClass1 ; 0 ; 0 ; 0 ; 0 ; 0 ; 
org::eclipse::osgi::internal::provisional::service::security::AuthorizationEngine ; 0 ; 0 ; 0 ; 0 ; 0 ; 
org::eclipse::osgi::internal::signedcontent::DigestedInputStream ; 0 ; 0 ; 0 ; 0 ; 0 ; 
org::eclipse::osgi::internal::resolver::StateBuilder ; 19.6679 ; 0.519229 ; 0.0441851 ; 0.49991 ; 0.0799019 ; 
org::eclipse::core::runtime::internal::stats::ClassStats ; 1.80545 ; 0.0204604 ; 0.00325359 ; 0.0449517 ; 7.76991e-4 ; 
host::multiple::exports::PrivateClass1 ; 0 ; 0 ; 0 ; 0 ; 0 ; 
org::eclipse::osgi::internal::resolver::BundleSpecificationImpl ; 5.0342 ; 0.00963243 ; 0.0180945 ; 0.142066 ; 0.0549145 ; 
org::eclipse::osgi::framework::internal::core::ConditionalPermissionAdminImpl ; 9.696 ; 0.116132 ; 0.0238797 ; 0.248248 ; 0.0550928 ; 
org::eclipse::osgi::framework::internal::core::ReferenceInputStream ; 1.80545 ; 0.0204604 ; 0.00325359 ; 0.0449517 ; 7.76991e-4 ; 
osgi::lazystart::a::Activator ; 0 ; 0 ; 0 ; 0 ; 0 ; 
org::eclipse::osgi::internal::signedcontent::DNChainMatching ; 0 ; 0 ; 0 ; 0 ; 0 ; 
org::eclipse::core::runtime::internal::adaptor::EclipseAdaptorMsg ; 4.65956 ; 0.0539882 ; 0.00845993 ; 0.116139 ; 0.00234209 ; 
org::eclipse::osgi::internal::baseadaptor::BaseClassLoadingHook ; 5.27095 ; 0.142542 ; 0.0113961 ; 0.136117 ; 0.0114544 ; 
org::eclipse::osgi::baseadaptor::bundlefile::NestedDirBundleFile ; 4.04276 ; 0.043797 ; 0.00680523 ; 0.0989508 ; 0.0012324 ; 
org::eclipse::osgi::framework::launcher::Launcher ; 13.0076 ; 0.0781821 ; 0.0324477 ; 0.339456 ; 0.0615245 ; 
org::eclipse::osgi::framework::internal::core::ServiceReferenceImpl ; 7.69165 ; 0.106124 ; 0.0239633 ; 0.211378 ; 0.0592241 ; 
org::eclipse::osgi::baseadaptor::bundlefile::FileBundleEntry ; 4.04276 ; 0.0455289 ; 0.00680523 ; 0.0989508 ; 0.0012324 ; 
fragment::test::attach::host::a::Activator ; 0 ; 0 ; 0 ; 0 ; 0 ; 
org::osgi::util::tracker::ServiceTracker ; 11.9562 ; 1.00427 ; 0.0219224 ; 0.296961 ; 0.0111818 ; 
org::eclipse::osgi::framework::internal::core::BundleRepository ; 9.88616 ; 0.043017 ; 0.0276469 ; 0.265308 ; 0.059076 ; 
org::eclipse::osgi::internal::module::ResolverBundle ; 26.2611 ; 0.97837 ; 0.0789285 ; 0.721127 ; 0.170939 ; 
substitutes::x::Mx ; 0 ; 0 ; 0 ; 0 ; 0 ; 
substitutes::q::BFq ; 0 ; 0 ; 0 ; 0 ; 0 ; 
org::eclipse::osgi::internal::baseadaptor::BaseStorageHook ; 14.9649 ; 0.434833 ; 0.0516045 ; 0.43534 ; 0.112682 ; 
