classname ; numberOfBugsFoundUntil: ; numberOfNonTrivialBugsFoundUntil: ; numberOfMajorBugsFoundUntil: ; numberOfCriticalBugsFoundUntil: ; numberOfHighPriorityBugsFoundUntil: ; bugs ; nonTrivialBugs ; majorBugs ; criticalBugs ; highPriorityBugs ; 
org::apache::lucene::search::spans::SpanOrQuery ; 3 ; 3 ; 0 ; 0 ; 0 ; 1 ; 0 ; 0 ; 0 ; 0 ; 
org::apache::lucene::index::DocumentsWriter ; 42 ; 42 ; 0 ; 0 ; 0 ; 2 ; 0 ; 0 ; 0 ; 0 ; 
org::apache::lucene::document::Document ; 9 ; 9 ; 0 ; 0 ; 0 ; 0 ; 0 ; 0 ; 0 ; 0 ; 
org::apache::lucene::search::highlight::SimpleSpanFragmenter ; 2 ; 2 ; 0 ; 0 ; 0 ; 0 ; 0 ; 0 ; 0 ; 0 ; 
org::apache::lucene::ant::FileExtensionDocumentHandler ; 0 ; 0 ; 0 ; 0 ; 0 ; 0 ; 0 ; 0 ; 0 ; 0 ; 
org::apache::lucene::analysis::Token ; 13 ; 13 ; 0 ; 0 ; 0 ; 0 ; 0 ; 0 ; 0 ; 0 ; 
org::apache::lucene::search::FieldDoc ; 1 ; 1 ; 0 ; 0 ; 0 ; 0 ; 0 ; 0 ; 0 ; 0 ; 
org::tartarus::snowball::ext::DanishStemmer ; 1 ; 1 ; 0 ; 0 ; 0 ; 0 ; 0 ; 0 ; 0 ; 0 ; 
org::apache::lucene::search::SortField ; 4 ; 4 ; 0 ; 0 ; 0 ; 1 ; 0 ; 0 ; 0 ; 0 ; 
org::apache::lucene::document::AbstractField ; 4 ; 4 ; 0 ; 0 ; 0 ; 0 ; 0 ; 0 ; 0 ; 0 ; 
org::apache::lucene::benchmark::byTask::utils::Config ; 6 ; 6 ; 0 ; 0 ; 0 ; 0 ; 0 ; 0 ; 0 ; 0 ; 
org::apache::lucene::benchmark::quality::utils::DocNameExtractor ; 1 ; 1 ; 0 ; 0 ; 0 ; 0 ; 0 ; 0 ; 0 ; 0 ; 
org::apache::lucene::analysis::cjk::CJKAnalyzer ; 0 ; 0 ; 0 ; 0 ; 0 ; 0 ; 0 ; 0 ; 0 ; 0 ; 
org::apache::lucene::search::HitIterator ; 2 ; 2 ; 0 ; 0 ; 0 ; 0 ; 0 ; 0 ; 0 ; 0 ; 
org::apache::lucene::misc::HighFreqTerms ; 0 ; 0 ; 0 ; 0 ; 0 ; 0 ; 0 ; 0 ; 0 ; 0 ; 
org::apache::lucene::index::FormatPostingsDocsConsumer ; 0 ; 0 ; 0 ; 0 ; 0 ; 0 ; 0 ; 0 ; 0 ; 0 ; 
org::apache::lucene::search::IndexSearcher ; 5 ; 5 ; 0 ; 0 ; 0 ; 0 ; 0 ; 0 ; 0 ; 0 ; 
org::apache::lucene::store::db::DbIndexOutput ; 0 ; 0 ; 0 ; 0 ; 0 ; 0 ; 0 ; 0 ; 0 ; 0 ; 
org::apache::lucene::search::highlight::TokenGroup ; 0 ; 0 ; 0 ; 0 ; 0 ; 0 ; 0 ; 0 ; 0 ; 0 ; 
org::apache::lucene::index::MergeDocIDRemapper ; 1 ; 1 ; 0 ; 0 ; 0 ; 1 ; 0 ; 0 ; 0 ; 0 ; 
org::apache::lucene::benchmark::byTask::tasks::RepSelectByPrefTask ; 1 ; 1 ; 0 ; 0 ; 0 ; 0 ; 0 ; 0 ; 0 ; 0 ; 
org::apache::lucene::analysis::PorterStemFilter ; 2 ; 2 ; 0 ; 0 ; 0 ; 0 ; 0 ; 0 ; 0 ; 0 ; 
org::apache::lucene::search::PhraseScorer ; 2 ; 2 ; 0 ; 0 ; 0 ; 0 ; 0 ; 0 ; 0 ; 0 ; 
org::apache::lucene::analysis::WordlistLoader ; 1 ; 1 ; 0 ; 0 ; 0 ; 0 ; 0 ; 0 ; 0 ; 0 ; 
org::apache::lucene::analysis::CharTokenizer ; 3 ; 3 ; 0 ; 0 ; 0 ; 1 ; 0 ; 0 ; 0 ; 0 ; 
org::apache::lucene::benchmark::byTask::tasks::ResetSystemEraseTask ; 2 ; 2 ; 0 ; 0 ; 0 ; 0 ; 0 ; 0 ; 0 ; 0 ; 
org::apache::lucene::queryParser::surround::query::ComposedQuery ; 1 ; 1 ; 0 ; 0 ; 0 ; 0 ; 0 ; 0 ; 0 ; 0 ; 
org::apache::lucene::xmlparser::builders::SpanBuilderBase ; 0 ; 0 ; 0 ; 0 ; 0 ; 0 ; 0 ; 0 ; 0 ; 0 ; 
org::apache::lucene::store::Directory ; 11 ; 11 ; 0 ; 0 ; 0 ; 1 ; 0 ; 0 ; 0 ; 0 ; 
org::apache::lucene::xmlparser::builders::DuplicateFilterBuilder ; 1 ; 1 ; 0 ; 0 ; 0 ; 0 ; 0 ; 0 ; 0 ; 0 ; 
org::apache::lucene::xmlparser::builders::BooleanQueryBuilder ; 1 ; 1 ; 0 ; 0 ; 0 ; 0 ; 0 ; 0 ; 0 ; 0 ; 
org::apache::lucene::index::DocInverterPerField ; 2 ; 2 ; 0 ; 0 ; 0 ; 3 ; 0 ; 0 ; 0 ; 0 ; 
org::apache::lucene::analysis::el::GreekLowerCaseFilter ; 2 ; 2 ; 0 ; 0 ; 0 ; 0 ; 0 ; 0 ; 0 ; 0 ; 
org::apache::lucene::index::ReadOnlySegmentReader ; 1 ; 1 ; 0 ; 0 ; 0 ; 0 ; 0 ; 0 ; 0 ; 0 ; 
org::apache::lucene::search::spans::SpanNotQuery ; 4 ; 4 ; 0 ; 0 ; 0 ; 0 ; 0 ; 0 ; 0 ; 0 ; 
org::apache::lucene::benchmark::byTask::tasks::RepSumByNameTask ; 1 ; 1 ; 0 ; 0 ; 0 ; 0 ; 0 ; 0 ; 0 ; 0 ; 
org::apache::lucene::index::InvertedDocEndConsumer ; 1 ; 1 ; 0 ; 0 ; 0 ; 0 ; 0 ; 0 ; 0 ; 0 ; 
org::apache::lucene::search::highlight::SpanGradientFormatter ; 1 ; 1 ; 0 ; 0 ; 0 ; 0 ; 0 ; 0 ; 0 ; 0 ; 
org::apache::lucene::xmlparser::CoreParser ; 1 ; 1 ; 0 ; 0 ; 0 ; 0 ; 0 ; 0 ; 0 ; 0 ; 
org::apache::lucene::analysis::compound::hyphenation::HyphenationException ; 1 ; 1 ; 0 ; 0 ; 0 ; 0 ; 0 ; 0 ; 0 ; 0 ; 
org::apache::lucene::xmlparser::builders::FilteredQueryBuilder ; 1 ; 1 ; 0 ; 0 ; 0 ; 0 ; 0 ; 0 ; 0 ; 0 ; 
org::apache::lucene::benchmark::stats::MemUsage ; 1 ; 1 ; 0 ; 0 ; 0 ; 0 ; 0 ; 0 ; 0 ; 0 ; 
org::apache::lucene::index::ParallelReader ; 15 ; 15 ; 0 ; 0 ; 0 ; 0 ; 0 ; 0 ; 0 ; 0 ; 
org::apache::lucene::store::ChecksumIndexInput ; 1 ; 1 ; 0 ; 0 ; 0 ; 0 ; 0 ; 0 ; 0 ; 0 ; 
org::apache::lucene::analysis::compound::DictionaryCompoundWordTokenFilter ; 1 ; 1 ; 0 ; 0 ; 0 ; 0 ; 0 ; 0 ; 0 ; 0 ; 
org::apache::lucene::store::SingleInstanceLockFactory ; 3 ; 3 ; 0 ; 0 ; 0 ; 0 ; 0 ; 0 ; 0 ; 0 ; 
org::apache::lucene::analysis::ar::ArabicNormalizationFilter ; 0 ; 0 ; 0 ; 0 ; 0 ; 0 ; 0 ; 0 ; 0 ; 0 ; 
org::apache::lucene::analysis::StopAnalyzer ; 1 ; 1 ; 0 ; 0 ; 0 ; 0 ; 0 ; 0 ; 0 ; 0 ; 
org::apache::lucene::analysis::PerFieldAnalyzerWrapper ; 2 ; 2 ; 0 ; 0 ; 0 ; 0 ; 0 ; 0 ; 0 ; 0 ; 
org::apache::lucene::index::IndexReader ; 34 ; 34 ; 0 ; 0 ; 0 ; 3 ; 0 ; 0 ; 0 ; 0 ; 
org::apache::lucene::wordnet::SynLookup ; 0 ; 0 ; 0 ; 0 ; 0 ; 0 ; 0 ; 0 ; 0 ; 0 ; 
org::apache::lucene::queryParser::surround::parser::QueryParserTokenManager ; 0 ; 0 ; 0 ; 0 ; 0 ; 0 ; 0 ; 0 ; 0 ; 0 ; 
org::apache::lucene::analysis::ngram::EdgeNGramTokenFilter ; 3 ; 3 ; 0 ; 0 ; 0 ; 1 ; 0 ; 0 ; 0 ; 0 ; 
org::apache::lucene::search::ExtendedFieldCacheImpl ; 3 ; 3 ; 0 ; 0 ; 0 ; 0 ; 0 ; 0 ; 0 ; 0 ; 
org::apache::lucene::benchmark::byTask::tasks::NewRoundTask ; 1 ; 1 ; 0 ; 0 ; 0 ; 0 ; 0 ; 0 ; 0 ; 0 ; 
org::apache::lucene::benchmark::byTask::stats::Points ; 1 ; 1 ; 0 ; 0 ; 0 ; 0 ; 0 ; 0 ; 0 ; 0 ; 
org::apache::lucene::analysis::miscellaneous::PrefixAwareTokenFilter ; 2 ; 2 ; 0 ; 0 ; 0 ; 0 ; 0 ; 0 ; 0 ; 0 ; 
org::apache::lucene::queryParser::Token ; 1 ; 1 ; 0 ; 0 ; 0 ; 0 ; 0 ; 0 ; 0 ; 0 ; 
org::apache::lucene::store::Lock ; 5 ; 5 ; 0 ; 0 ; 0 ; 1 ; 0 ; 0 ; 0 ; 0 ; 
org::apache::lucene::index::FreqProxTermsWriter ; 2 ; 2 ; 0 ; 0 ; 0 ; 0 ; 0 ; 0 ; 0 ; 0 ; 
org::apache::lucene::analysis::compound::hyphenation::Hyphen ; 1 ; 1 ; 0 ; 0 ; 0 ; 0 ; 0 ; 0 ; 0 ; 0 ; 
org::apache::lucene::index::InvertedDocConsumerPerThread ; 1 ; 1 ; 0 ; 0 ; 0 ; 0 ; 0 ; 0 ; 0 ; 0 ; 
org::apache::lucene::analysis::Analyzer ; 2 ; 2 ; 0 ; 0 ; 0 ; 1 ; 0 ; 0 ; 0 ; 0 ; 
org::apache::lucene::xmlparser::builders::LikeThisQueryBuilder ; 2 ; 2 ; 0 ; 0 ; 0 ; 0 ; 0 ; 0 ; 0 ; 0 ; 
org::apache::lucene::xmlparser::builders::RangeFilterBuilder ; 1 ; 1 ; 0 ; 0 ; 0 ; 0 ; 0 ; 0 ; 0 ; 0 ; 
org::tartarus::snowball::ext::LovinsStemmer ; 1 ; 1 ; 0 ; 0 ; 0 ; 0 ; 0 ; 0 ; 0 ; 0 ; 
org::apache::lucene::util::UnicodeUtil ; 1 ; 1 ; 0 ; 0 ; 0 ; 0 ; 0 ; 0 ; 0 ; 0 ; 
org::apache::lucene::document::NumberTools ; 1 ; 1 ; 0 ; 0 ; 0 ; 0 ; 0 ; 0 ; 0 ; 0 ; 
org::apache::lucene::search::ExactPhraseScorer ; 2 ; 2 ; 0 ; 0 ; 0 ; 0 ; 0 ; 0 ; 0 ; 0 ; 
org::apache::lucene::store::FSDirectory ; 30 ; 30 ; 0 ; 0 ; 0 ; 5 ; 0 ; 0 ; 0 ; 0 ; 
org::apache::lucene::ant::TextDocument ; 0 ; 0 ; 0 ; 0 ; 0 ; 0 ; 0 ; 0 ; 0 ; 0 ; 
org::apache::lucene::xmlparser::builders::SpanNotBuilder ; 0 ; 0 ; 0 ; 0 ; 0 ; 0 ; 0 ; 0 ; 0 ; 0 ; 
org::apache::lucene::store::instantiated::InstantiatedIndexReader ; 3 ; 3 ; 0 ; 0 ; 0 ; 1 ; 0 ; 0 ; 0 ; 0 ; 
org::tartarus::snowball::ext::PortugueseStemmer ; 1 ; 1 ; 0 ; 0 ; 0 ; 0 ; 0 ; 0 ; 0 ; 0 ; 
org::apache::lucene::util::CloseableThreadLocal ; 2 ; 2 ; 0 ; 0 ; 0 ; 0 ; 0 ; 0 ; 0 ; 0 ; 
org::apache::lucene::index::FormatPostingsTermsWriter ; 0 ; 0 ; 0 ; 0 ; 0 ; 0 ; 0 ; 0 ; 0 ; 0 ; 
org::apache::lucene::index::MergeScheduler ; 6 ; 6 ; 0 ; 0 ; 0 ; 0 ; 0 ; 0 ; 0 ; 0 ; 
org::apache::lucene::index::TermInfo ; 0 ; 0 ; 0 ; 0 ; 0 ; 0 ; 0 ; 0 ; 0 ; 0 ; 
org::apache::lucene::search::ComplexExplanation ; 3 ; 3 ; 0 ; 0 ; 0 ; 0 ; 0 ; 0 ; 0 ; 0 ; 
org::apache::lucene::search::DocIdSetIterator ; 1 ; 1 ; 0 ; 0 ; 0 ; 0 ; 0 ; 0 ; 0 ; 0 ; 
org::apache::lucene::store::db::DbDirectory ; 0 ; 0 ; 0 ; 0 ; 0 ; 0 ; 0 ; 0 ; 0 ; 0 ; 
org::apache::lucene::search::CheckHits ; 0 ; 0 ; 0 ; 0 ; 0 ; 0 ; 0 ; 0 ; 0 ; 0 ; 
org::apache::lucene::index::Term ; 2 ; 2 ; 0 ; 0 ; 0 ; 0 ; 0 ; 0 ; 0 ; 0 ; 
org::apache::lucene::demo::SearchFiles ; 2 ; 2 ; 0 ; 0 ; 0 ; 0 ; 0 ; 0 ; 0 ; 0 ; 
org::apache::lucene::demo::html::ParseException ; 2 ; 2 ; 0 ; 0 ; 0 ; 0 ; 0 ; 0 ; 0 ; 0 ; 
org::apache::lucene::queryParser::surround::query::NotQuery ; 0 ; 0 ; 0 ; 0 ; 0 ; 0 ; 0 ; 0 ; 0 ; 0 ; 
org::tartarus::snowball::Among ; 1 ; 1 ; 0 ; 0 ; 0 ; 0 ; 0 ; 0 ; 0 ; 0 ; 
org::apache::lucene::search::NonMatchingScorer ; 0 ; 0 ; 0 ; 0 ; 0 ; 0 ; 0 ; 0 ; 0 ; 0 ; 
org::apache::lucene::index::TermVectorsTermsWriterPerThread ; 1 ; 1 ; 0 ; 0 ; 0 ; 0 ; 0 ; 0 ; 0 ; 0 ; 
org::apache::lucene::search::Explanation ; 3 ; 3 ; 0 ; 0 ; 0 ; 0 ; 0 ; 0 ; 0 ; 0 ; 
org::apache::lucene::index::TermVectorsWriter ; 6 ; 6 ; 0 ; 0 ; 0 ; 0 ; 0 ; 0 ; 0 ; 0 ; 
org::apache::lucene::search::spans::NearSpansOrdered ; 2 ; 2 ; 0 ; 0 ; 0 ; 1 ; 0 ; 0 ; 0 ; 0 ; 
org::apache::lucene::util::BitVector ; 4 ; 4 ; 0 ; 0 ; 0 ; 0 ; 0 ; 0 ; 0 ; 0 ; 
org::apache::lucene::search::regex::RegexTermEnum ; 0 ; 0 ; 0 ; 0 ; 0 ; 0 ; 0 ; 0 ; 0 ; 0 ; 
org::apache::lucene::search::BoostingQuery ; 2 ; 2 ; 0 ; 0 ; 0 ; 0 ; 0 ; 0 ; 0 ; 0 ; 
org::apache::lucene::analysis::ngram::NGramTokenizer ; 3 ; 3 ; 0 ; 0 ; 0 ; 0 ; 0 ; 0 ; 0 ; 0 ; 
org::apache::lucene::queryParser::ParseException ; 3 ; 3 ; 0 ; 0 ; 0 ; 0 ; 0 ; 0 ; 0 ; 0 ; 
org::apache::lucene::benchmark::byTask::feeds::NoMoreDataException ; 1 ; 1 ; 0 ; 0 ; 0 ; 0 ; 0 ; 0 ; 0 ; 0 ; 
org::apache::lucene::demo::html::HTMLParser ; 3 ; 3 ; 0 ; 0 ; 0 ; 0 ; 0 ; 0 ; 0 ; 0 ; 
org::apache::lucene::queryParser::surround::query::BasicQueryFactory ; 0 ; 0 ; 0 ; 0 ; 0 ; 0 ; 0 ; 0 ; 0 ; 0 ; 
org::apache::lucene::analysis::br::BrazilianAnalyzer ; 0 ; 0 ; 0 ; 0 ; 0 ; 0 ; 0 ; 0 ; 0 ; 0 ; 
org::apache::lucene::search::Similarity ; 4 ; 4 ; 0 ; 0 ; 0 ; 1 ; 0 ; 0 ; 0 ; 0 ; 
org::apache::lucene::search::highlight::SimpleFragmenter ; 0 ; 0 ; 0 ; 0 ; 0 ; 0 ; 0 ; 0 ; 0 ; 0 ; 
org::apache::lucene::index::SegmentTermVector ; 1 ; 1 ; 0 ; 0 ; 0 ; 0 ; 0 ; 0 ; 0 ; 0 ; 
org::apache::lucene::benchmark::Constants ; 0 ; 0 ; 0 ; 0 ; 0 ; 0 ; 0 ; 0 ; 0 ; 0 ; 
org::apache::lucene::benchmark::byTask::tasks::WarmTask ; 1 ; 1 ; 0 ; 0 ; 0 ; 0 ; 0 ; 0 ; 0 ; 0 ; 
org::apache::lucene::index::DefaultSkipListReader ; 2 ; 2 ; 0 ; 0 ; 0 ; 0 ; 0 ; 0 ; 0 ; 0 ; 
org::apache::lucene::analysis::el::GreekAnalyzer ; 2 ; 2 ; 0 ; 0 ; 0 ; 0 ; 0 ; 0 ; 0 ; 0 ; 
org::apache::lucene::xmlparser::builders::SpanOrBuilder ; 0 ; 0 ; 0 ; 0 ; 0 ; 0 ; 0 ; 0 ; 0 ; 0 ; 
org::apache::lucene::search::function::CustomScoreQuery ; 3 ; 3 ; 0 ; 0 ; 0 ; 0 ; 0 ; 0 ; 0 ; 0 ; 
org::apache::lucene::index::SortedTermVectorMapper ; 1 ; 1 ; 0 ; 0 ; 0 ; 0 ; 0 ; 0 ; 0 ; 0 ; 
org::apache::lucene::analysis::sinks::TokenTypeSinkTokenizer ; 2 ; 2 ; 0 ; 0 ; 0 ; 0 ; 0 ; 0 ; 0 ; 0 ; 
org::apache::lucene::search::spans::SpanWeight ; 3 ; 3 ; 0 ; 0 ; 0 ; 0 ; 0 ; 0 ; 0 ; 0 ; 
org::apache::lucene::search::FuzzyTermEnum ; 0 ; 0 ; 0 ; 0 ; 0 ; 0 ; 0 ; 0 ; 0 ; 0 ; 
org::apache::lucene::search::function::ShortFieldSource ; 2 ; 2 ; 0 ; 0 ; 0 ; 0 ; 0 ; 0 ; 0 ; 0 ; 
org::apache::lucene::search::payloads::BoostingTermQuery ; 7 ; 7 ; 0 ; 0 ; 0 ; 0 ; 0 ; 0 ; 0 ; 0 ; 
org::apache::lucene::search::highlight::TokenSources ; 4 ; 4 ; 0 ; 0 ; 0 ; 0 ; 0 ; 0 ; 0 ; 0 ; 
org::apache::lucene::demo::html::ParserThread ; 0 ; 0 ; 0 ; 0 ; 0 ; 0 ; 0 ; 0 ; 0 ; 0 ; 
org::tartarus::snowball::ext::EnglishStemmer ; 1 ; 1 ; 0 ; 0 ; 0 ; 0 ; 0 ; 0 ; 0 ; 0 ; 
org::apache::lucene::index::TermVectorEntry ; 1 ; 1 ; 0 ; 0 ; 0 ; 0 ; 0 ; 0 ; 0 ; 0 ; 
org::apache::lucene::LucenePackage ; 0 ; 0 ; 0 ; 0 ; 0 ; 0 ; 0 ; 0 ; 0 ; 0 ; 
org::apache::lucene::index::FieldSortedTermVectorMapper ; 1 ; 1 ; 0 ; 0 ; 0 ; 0 ; 0 ; 0 ; 0 ; 0 ; 
org::apache::lucene::store::BufferedIndexInput ; 6 ; 6 ; 0 ; 0 ; 0 ; 0 ; 0 ; 0 ; 0 ; 0 ; 
org::apache::lucene::index::FieldInfos ; 6 ; 6 ; 0 ; 0 ; 0 ; 1 ; 0 ; 0 ; 0 ; 0 ; 
org::apache::lucene::index::TermInfosReader ; 14 ; 14 ; 0 ; 0 ; 0 ; 1 ; 0 ; 0 ; 0 ; 0 ; 
org::apache::lucene::swing::models::RestaurantInfo ; 1 ; 1 ; 0 ; 0 ; 0 ; 0 ; 0 ; 0 ; 0 ; 0 ; 
org::apache::lucene::benchmark::byTask::tasks::TaskSequence ; 6 ; 6 ; 0 ; 0 ; 0 ; 0 ; 0 ; 0 ; 0 ; 0 ; 
org::apache::lucene::index::FreqProxTermsWriterPerThread ; 1 ; 1 ; 0 ; 0 ; 0 ; 0 ; 0 ; 0 ; 0 ; 0 ; 
org::apache::lucene::index::DocInverter ; 1 ; 1 ; 0 ; 0 ; 0 ; 0 ; 0 ; 0 ; 0 ; 0 ; 
org::apache::lucene::util::SortedVIntList ; 1 ; 1 ; 0 ; 0 ; 0 ; 0 ; 0 ; 0 ; 0 ; 0 ; 
org::apache::lucene::analysis::cn::ChineseAnalyzer ; 0 ; 0 ; 0 ; 0 ; 0 ; 0 ; 0 ; 0 ; 0 ; 0 ; 
org::apache::lucene::store::je::JEDirectory ; 2 ; 2 ; 0 ; 0 ; 0 ; 0 ; 0 ; 0 ; 0 ; 0 ; 
org::apache::lucene::search::highlight::GradientFormatter ; 0 ; 0 ; 0 ; 0 ; 0 ; 0 ; 0 ; 0 ; 0 ; 0 ; 
org::apache::lucene::wordnet::Syns2Index ; 0 ; 0 ; 0 ; 0 ; 0 ; 0 ; 0 ; 0 ; 0 ; 0 ; 
org::apache::lucene::index::MergePolicy ; 9 ; 9 ; 0 ; 0 ; 0 ; 0 ; 0 ; 0 ; 0 ; 0 ; 
org::apache::lucene::search::QueryUtils ; 9 ; 9 ; 0 ; 0 ; 0 ; 0 ; 0 ; 0 ; 0 ; 0 ; 
org::apache::lucene::index::memory::SynonymTokenFilter ; 2 ; 2 ; 0 ; 0 ; 0 ; 0 ; 0 ; 0 ; 0 ; 0 ; 
org::apache::lucene::search::DisjunctionSumScorer ; 3 ; 3 ; 0 ; 0 ; 0 ; 0 ; 0 ; 0 ; 0 ; 0 ; 
org::apache::lucene::store::NativeFSLockFactory ; 10 ; 10 ; 0 ; 0 ; 0 ; 0 ; 0 ; 0 ; 0 ; 0 ; 
org::apache::lucene::queryParser::surround::query::SpanNearClauseFactory ; 0 ; 0 ; 0 ; 0 ; 0 ; 0 ; 0 ; 0 ; 0 ; 0 ; 
org::apache::lucene::search::spell::PlainTextDictionary ; 0 ; 0 ; 0 ; 0 ; 0 ; 0 ; 0 ; 0 ; 0 ; 0 ; 
org::apache::lucene::store::BufferedIndexOutput ; 3 ; 3 ; 0 ; 0 ; 0 ; 0 ; 0 ; 0 ; 0 ; 0 ; 
org::apache::lucene::document::MapFieldSelector ; 3 ; 3 ; 0 ; 0 ; 0 ; 0 ; 0 ; 0 ; 0 ; 0 ; 
org::apache::lucene::search::MockFilter ; 0 ; 0 ; 0 ; 0 ; 0 ; 0 ; 0 ; 0 ; 0 ; 0 ; 
org::apache::lucene::store::instantiated::InstantiatedIndex ; 2 ; 2 ; 0 ; 0 ; 0 ; 0 ; 0 ; 0 ; 0 ; 0 ; 
org::apache::lucene::index::FieldReaderException ; 0 ; 0 ; 0 ; 0 ; 0 ; 0 ; 0 ; 0 ; 0 ; 0 ; 
org::apache::lucene::store::LockFactory ; 4 ; 4 ; 0 ; 0 ; 0 ; 0 ; 0 ; 0 ; 0 ; 0 ; 
org::apache::lucene::benchmark::quality::trec::QueryDriver ; 1 ; 1 ; 0 ; 0 ; 0 ; 0 ; 0 ; 0 ; 0 ; 0 ; 
org::apache::lucene::index::TermsHashConsumerPerField ; 2 ; 2 ; 0 ; 0 ; 0 ; 0 ; 0 ; 0 ; 0 ; 0 ; 
org::apache::lucene::xmlparser::builders::TermsQueryBuilder ; 2 ; 2 ; 0 ; 0 ; 0 ; 0 ; 0 ; 0 ; 0 ; 0 ; 
org::apache::lucene::search::spans::TermSpans ; 2 ; 2 ; 0 ; 0 ; 0 ; 0 ; 0 ; 0 ; 0 ; 0 ; 
org::apache::lucene::demo::html::TokenMgrError ; 2 ; 2 ; 0 ; 0 ; 0 ; 0 ; 0 ; 0 ; 0 ; 0 ; 
org::apache::lucene::search::TopDocs ; 2 ; 2 ; 0 ; 0 ; 0 ; 0 ; 0 ; 0 ; 0 ; 0 ; 
org::apache::lucene::benchmark::quality::trec::TrecJudge ; 1 ; 1 ; 0 ; 0 ; 0 ; 0 ; 0 ; 0 ; 0 ; 0 ; 
org::apache::lucene::demo::html::SimpleCharStream ; 2 ; 2 ; 0 ; 0 ; 0 ; 0 ; 0 ; 0 ; 0 ; 0 ; 
org::apache::lucene::index::TermsHashConsumerPerThread ; 1 ; 1 ; 0 ; 0 ; 0 ; 0 ; 0 ; 0 ; 0 ; 0 ; 
org::apache::lucene::index::FormatPostingsPositionsConsumer ; 0 ; 0 ; 0 ; 0 ; 0 ; 0 ; 0 ; 0 ; 0 ; 0 ; 
org::apache::lucene::queryParser::surround::parser::QueryParser ; 0 ; 0 ; 0 ; 0 ; 0 ; 0 ; 0 ; 0 ; 0 ; 0 ; 
org::apache::lucene::store::instantiated::InstantiatedTermPositions ; 1 ; 1 ; 0 ; 0 ; 0 ; 0 ; 0 ; 0 ; 0 ; 0 ; 
org::apache::lucene::analysis::el::GreekCharsets ; 1 ; 1 ; 0 ; 0 ; 0 ; 0 ; 0 ; 0 ; 0 ; 0 ; 
org::apache::lucene::benchmark::stats::QueryData ; 1 ; 1 ; 0 ; 0 ; 0 ; 0 ; 0 ; 0 ; 0 ; 0 ; 
org::apache::lucene::benchmark::byTask::feeds::FileBasedQueryMaker ; 2 ; 2 ; 0 ; 0 ; 0 ; 0 ; 0 ; 0 ; 0 ; 0 ; 
org::tartarus::snowball::ext::FinnishStemmer ; 1 ; 1 ; 0 ; 0 ; 0 ; 0 ; 0 ; 0 ; 0 ; 0 ; 
org::apache::lucene::search::highlight::SpanScorer ; 3 ; 3 ; 0 ; 0 ; 0 ; 0 ; 0 ; 0 ; 0 ; 0 ; 
org::apache::lucene::search::regex::RegexQuery ; 0 ; 0 ; 0 ; 0 ; 0 ; 0 ; 0 ; 0 ; 0 ; 0 ; 
org::apache::lucene::document::Field ; 7 ; 7 ; 0 ; 0 ; 0 ; 1 ; 0 ; 0 ; 0 ; 0 ; 
org::tartarus::snowball::ext::TurkishStemmer ; 1 ; 1 ; 0 ; 0 ; 0 ; 0 ; 0 ; 0 ; 0 ; 0 ; 
org::apache::lucene::analysis::WhitespaceTokenizer ; 0 ; 0 ; 0 ; 0 ; 0 ; 0 ; 0 ; 0 ; 0 ; 0 ; 
org::apache::lucene::demo::DeleteFiles ; 1 ; 1 ; 0 ; 0 ; 0 ; 0 ; 0 ; 0 ; 0 ; 0 ; 
org::apache::lucene::xmlparser::builders::FuzzyLikeThisQueryBuilder ; 0 ; 0 ; 0 ; 0 ; 0 ; 0 ; 0 ; 0 ; 0 ; 0 ; 
org::apache::lucene::index::InvertedDocConsumerPerField ; 1 ; 1 ; 0 ; 0 ; 0 ; 0 ; 0 ; 0 ; 0 ; 0 ; 
org::apache::lucene::index::SegmentMergeInfo ; 1 ; 1 ; 0 ; 0 ; 0 ; 0 ; 0 ; 0 ; 0 ; 0 ; 
org::apache::lucene::search::FuzzyLikeThisQuery ; 4 ; 4 ; 0 ; 0 ; 0 ; 0 ; 0 ; 0 ; 0 ; 0 ; 
org::apache::lucene::index::FieldInvertState ; 0 ; 0 ; 0 ; 0 ; 0 ; 0 ; 0 ; 0 ; 0 ; 0 ; 
org::apache::lucene::index::DocFieldConsumersPerThread ; 1 ; 1 ; 0 ; 0 ; 0 ; 0 ; 0 ; 0 ; 0 ; 0 ; 
org::apache::lucene::store::GCJIndexInput ; 1 ; 1 ; 0 ; 0 ; 0 ; 0 ; 0 ; 0 ; 0 ; 0 ; 
org::apache::lucene::store::MMapDirectory ; 2 ; 2 ; 0 ; 0 ; 0 ; 1 ; 0 ; 0 ; 0 ; 0 ; 
org::apache::lucene::store::instantiated::InstantiatedTermEnum ; 2 ; 2 ; 0 ; 0 ; 0 ; 1 ; 0 ; 0 ; 0 ; 0 ; 
org::apache::lucene::wordnet::SynExpand ; 0 ; 0 ; 0 ; 0 ; 0 ; 0 ; 0 ; 0 ; 0 ; 0 ; 
org::apache::lucene::xmlparser::builders::MatchAllDocsQueryBuilder ; 0 ; 0 ; 0 ; 0 ; 0 ; 0 ; 0 ; 0 ; 0 ; 0 ; 
org::apache::lucene::benchmark::quality::utils::QualityQueriesFinder ; 1 ; 1 ; 0 ; 0 ; 0 ; 0 ; 0 ; 0 ; 0 ; 0 ; 
org::apache::lucene::benchmark::byTask::tasks::WriteLineDocTask ; 2 ; 2 ; 0 ; 0 ; 0 ; 0 ; 0 ; 0 ; 0 ; 0 ; 
org::apache::lucene::store::LockObtainFailedException ; 1 ; 1 ; 0 ; 0 ; 0 ; 0 ; 0 ; 0 ; 0 ; 0 ; 
org::apache::lucene::search::WildcardQuery ; 1 ; 1 ; 0 ; 0 ; 0 ; 0 ; 0 ; 0 ; 0 ; 0 ; 
org::apache::lucene::search::TimeLimitedCollector ; 2 ; 2 ; 0 ; 0 ; 0 ; 1 ; 0 ; 0 ; 0 ; 0 ; 
org::apache::lucene::benchmark::byTask::feeds::ReutersQueryMaker ; 2 ; 2 ; 0 ; 0 ; 0 ; 0 ; 0 ; 0 ; 0 ; 0 ; 
org::apache::lucene::xmlparser::builders::TermsFilterBuilder ; 3 ; 3 ; 0 ; 0 ; 0 ; 0 ; 0 ; 0 ; 0 ; 0 ; 
org::apache::lucene::analysis::ar::ArabicNormalizer ; 0 ; 0 ; 0 ; 0 ; 0 ; 0 ; 0 ; 0 ; 0 ; 0 ; 
org::apache::lucene::swing::models::TableSearcher ; 2 ; 2 ; 0 ; 0 ; 0 ; 0 ; 0 ; 0 ; 0 ; 0 ; 
org::apache::lucene::ant::HtmlDocument ; 0 ; 0 ; 0 ; 0 ; 0 ; 0 ; 0 ; 0 ; 0 ; 0 ; 
org::apache::lucene::search::WildcardTermEnum ; 1 ; 1 ; 0 ; 0 ; 0 ; 0 ; 0 ; 0 ; 0 ; 0 ; 
org::apache::lucene::queryParser::surround::parser::FastCharStream ; 0 ; 0 ; 0 ; 0 ; 0 ; 0 ; 0 ; 0 ; 0 ; 0 ; 
org::apache::lucene::search::similar::MoreLikeThis ; 0 ; 0 ; 0 ; 0 ; 0 ; 0 ; 0 ; 0 ; 0 ; 0 ; 
org::apache::lucene::index::StoredFieldsWriterPerField ; 1 ; 1 ; 0 ; 0 ; 0 ; 0 ; 0 ; 0 ; 0 ; 0 ; 
org::apache::lucene::analysis::ru::RussianLowerCaseFilter ; 0 ; 0 ; 0 ; 0 ; 0 ; 0 ; 0 ; 0 ; 0 ; 0 ; 
org::apache::lucene::benchmark::byTask::feeds::SimpleSloppyPhraseQueryMaker ; 2 ; 2 ; 0 ; 0 ; 0 ; 0 ; 0 ; 0 ; 0 ; 0 ; 
org::apache::lucene::index::IndexFileNameFilter ; 2 ; 2 ; 0 ; 0 ; 0 ; 0 ; 0 ; 0 ; 0 ; 0 ; 
org::apache::lucene::analysis::payloads::TypeAsPayloadTokenFilter ; 2 ; 2 ; 0 ; 0 ; 0 ; 0 ; 0 ; 0 ; 0 ; 0 ; 
org::apache::lucene::search::DocIdSet ; 1 ; 1 ; 0 ; 0 ; 0 ; 0 ; 0 ; 0 ; 0 ; 0 ; 
org::apache::lucene::index::CharBlockPool ; 2 ; 2 ; 0 ; 0 ; 0 ; 0 ; 0 ; 0 ; 0 ; 0 ; 
org::apache::lucene::index::IndexModifier ; 13 ; 13 ; 0 ; 0 ; 0 ; 0 ; 0 ; 0 ; 0 ; 0 ; 
org::tartarus::snowball::ext::SpanishStemmer ; 1 ; 1 ; 0 ; 0 ; 0 ; 0 ; 0 ; 0 ; 0 ; 0 ; 
org::apache::lucene::analysis::snowball::SnowballAnalyzer ; 0 ; 0 ; 0 ; 0 ; 0 ; 0 ; 0 ; 0 ; 0 ; 0 ; 
org::apache::lucene::index::IndexFileNames ; 6 ; 6 ; 0 ; 0 ; 0 ; 0 ; 0 ; 0 ; 0 ; 0 ; 
org::apache::lucene::misc::SweetSpotSimilarity ; 1 ; 1 ; 0 ; 0 ; 0 ; 0 ; 0 ; 0 ; 0 ; 0 ; 
org::apache::lucene::store::db::DbLock ; 0 ; 0 ; 0 ; 0 ; 0 ; 0 ; 0 ; 0 ; 0 ; 0 ; 
org::tartarus::snowball::ext::FrenchStemmer ; 1 ; 1 ; 0 ; 0 ; 0 ; 0 ; 0 ; 0 ; 0 ; 0 ; 
org::apache::lucene::search::ConstantScoreQuery ; 8 ; 8 ; 0 ; 0 ; 0 ; 0 ; 0 ; 0 ; 0 ; 0 ; 
org::apache::lucene::store::LockReleaseFailedException ; 1 ; 1 ; 0 ; 0 ; 0 ; 0 ; 0 ; 0 ; 0 ; 0 ; 
org::apache::lucene::analysis::de::GermanStemmer ; 0 ; 0 ; 0 ; 0 ; 0 ; 0 ; 0 ; 0 ; 0 ; 0 ; 
org::apache::lucene::index::MultiReader ; 16 ; 16 ; 0 ; 0 ; 0 ; 1 ; 0 ; 0 ; 0 ; 0 ; 
org::apache::lucene::queryParser::surround::query::DistanceQuery ; 0 ; 0 ; 0 ; 0 ; 0 ; 0 ; 0 ; 0 ; 0 ; 0 ; 
org::apache::lucene::search::ConstantScoreRangeQuery ; 4 ; 4 ; 0 ; 0 ; 0 ; 0 ; 0 ; 0 ; 0 ; 0 ; 
org::apache::lucene::analysis::TeeTokenFilter ; 2 ; 2 ; 0 ; 0 ; 0 ; 0 ; 0 ; 0 ; 0 ; 0 ; 
org::apache::lucene::util::cache::Cache ; 1 ; 1 ; 0 ; 0 ; 0 ; 0 ; 0 ; 0 ; 0 ; 0 ; 
org::apache::lucene::search::TermsFilter ; 4 ; 4 ; 0 ; 0 ; 0 ; 0 ; 0 ; 0 ; 0 ; 0 ; 
org::apache::lucene::store::IndexInput ; 2 ; 2 ; 0 ; 0 ; 0 ; 0 ; 0 ; 0 ; 0 ; 0 ; 
org::apache::lucene::index::MockIndexInput ; 0 ; 0 ; 0 ; 0 ; 0 ; 0 ; 0 ; 0 ; 0 ; 0 ; 
org::apache::lucene::search::Collector ; 0 ; 0 ; 0 ; 0 ; 0 ; 0 ; 0 ; 0 ; 0 ; 0 ; 
org::apache::lucene::queryParser::precedence::PrecedenceQueryParser ; 0 ; 0 ; 0 ; 0 ; 0 ; 0 ; 0 ; 0 ; 0 ; 0 ; 
org::apache::lucene::index::TermEnum ; 0 ; 0 ; 0 ; 0 ; 0 ; 0 ; 0 ; 0 ; 0 ; 0 ; 
org::apache::lucene::store::MockRAMInputStream ; 5 ; 5 ; 0 ; 0 ; 0 ; 0 ; 0 ; 0 ; 0 ; 0 ; 
org::apache::lucene::wikipedia::analysis::WikipediaTokenizerImpl ; 4 ; 4 ; 0 ; 0 ; 0 ; 0 ; 0 ; 0 ; 0 ; 0 ; 
org::apache::lucene::util::OpenBitSetIterator ; 1 ; 1 ; 0 ; 0 ; 0 ; 0 ; 0 ; 0 ; 0 ; 0 ; 
org::apache::lucene::search::DefaultSimilarity ; 0 ; 0 ; 0 ; 0 ; 0 ; 0 ; 0 ; 0 ; 0 ; 0 ; 
org::apache::lucene::index::InvertedDocConsumer ; 1 ; 1 ; 0 ; 0 ; 0 ; 0 ; 0 ; 0 ; 0 ; 0 ; 
org::apache::lucene::analysis::ngram::NGramTokenFilter ; 3 ; 3 ; 0 ; 0 ; 0 ; 1 ; 0 ; 0 ; 0 ; 0 ; 
org::apache::lucene::search::MultiSearcher ; 4 ; 4 ; 0 ; 0 ; 0 ; 1 ; 0 ; 0 ; 0 ; 0 ; 
org::apache::lucene::queryParser::surround::query::SrndQuery ; 0 ; 0 ; 0 ; 0 ; 0 ; 0 ; 0 ; 0 ; 0 ; 0 ; 
org::apache::lucene::analysis::compound::hyphenation::HyphenationTree ; 1 ; 1 ; 0 ; 0 ; 0 ; 0 ; 0 ; 0 ; 0 ; 0 ; 
org::apache::lucene::index::StoredFieldsWriterPerThread ; 1 ; 1 ; 0 ; 0 ; 0 ; 0 ; 0 ; 0 ; 0 ; 0 ; 
org::apache::lucene::search::function::ByteFieldSource ; 2 ; 2 ; 0 ; 0 ; 0 ; 0 ; 0 ; 0 ; 0 ; 0 ; 
org::apache::lucene::queryParser::surround::query::OrQuery ; 0 ; 0 ; 0 ; 0 ; 0 ; 0 ; 0 ; 0 ; 0 ; 0 ; 
org::apache::lucene::search::SpanFilterResult ; 2 ; 2 ; 0 ; 0 ; 0 ; 0 ; 0 ; 0 ; 0 ; 0 ; 
org::apache::lucene::analysis::ar::ArabicStemFilter ; 0 ; 0 ; 0 ; 0 ; 0 ; 0 ; 0 ; 0 ; 0 ; 0 ; 
org::apache::lucene::index::LogByteSizeMergePolicy ; 5 ; 5 ; 0 ; 0 ; 0 ; 0 ; 0 ; 0 ; 0 ; 0 ; 
org::apache::lucene::util::ArrayUtil ; 2 ; 2 ; 0 ; 0 ; 0 ; 0 ; 0 ; 0 ; 0 ; 0 ; 
org::apache::lucene::queryParser::surround::query::SrndPrefixQuery ; 0 ; 0 ; 0 ; 0 ; 0 ; 0 ; 0 ; 0 ; 0 ; 0 ; 
org::apache::lucene::index::LogMergePolicy ; 11 ; 11 ; 0 ; 0 ; 0 ; 0 ; 0 ; 0 ; 0 ; 0 ; 
org::apache::lucene::queryParser::analyzing::AnalyzingQueryParser ; 3 ; 3 ; 0 ; 0 ; 0 ; 0 ; 0 ; 0 ; 0 ; 0 ; 
org::apache::lucene::search::spans::SpanFirstQuery ; 2 ; 2 ; 0 ; 0 ; 0 ; 0 ; 0 ; 0 ; 0 ; 0 ; 
org::apache::lucene::index::GCJSegmentReader ; 0 ; 0 ; 0 ; 0 ; 0 ; 0 ; 0 ; 0 ; 0 ; 0 ; 
org::apache::lucene::benchmark::byTask::tasks::AddDocTask ; 3 ; 3 ; 0 ; 0 ; 0 ; 0 ; 0 ; 0 ; 0 ; 0 ; 
org::apache::lucene::index::TermVectorsReader ; 15 ; 15 ; 0 ; 0 ; 0 ; 0 ; 0 ; 0 ; 0 ; 0 ; 
org::apache::lucene::benchmark::byTask::tasks::ReportTask ; 1 ; 1 ; 0 ; 0 ; 0 ; 0 ; 0 ; 0 ; 0 ; 0 ; 
org::apache::lucene::search::RemoteSearchable ; 2 ; 2 ; 0 ; 0 ; 0 ; 0 ; 0 ; 0 ; 0 ; 0 ; 
org::apache::lucene::swing::models::BaseListModel ; 2 ; 2 ; 0 ; 0 ; 0 ; 0 ; 0 ; 0 ; 0 ; 0 ; 
org::apache::lucene::index::ConcurrentMergeScheduler ; 18 ; 18 ; 0 ; 0 ; 0 ; 2 ; 0 ; 0 ; 0 ; 0 ; 
org::apache::lucene::document::SetBasedFieldSelector ; 0 ; 0 ; 0 ; 0 ; 0 ; 0 ; 0 ; 0 ; 0 ; 0 ; 
org::apache::lucene::analysis::de::GermanStemFilter ; 0 ; 0 ; 0 ; 0 ; 0 ; 0 ; 0 ; 0 ; 0 ; 0 ; 
org::apache::lucene::xmlparser::builders::ConstantScoreQueryBuilder ; 0 ; 0 ; 0 ; 0 ; 0 ; 0 ; 0 ; 0 ; 0 ; 0 ; 
org::apache::lucene::index::SegmentMerger ; 22 ; 22 ; 0 ; 0 ; 0 ; 1 ; 0 ; 0 ; 0 ; 0 ; 
org::apache::lucene::benchmark::utils::ExtractReuters ; 1 ; 1 ; 0 ; 0 ; 0 ; 0 ; 0 ; 0 ; 0 ; 0 ; 
org::apache::lucene::util::PriorityQueue ; 1 ; 1 ; 0 ; 0 ; 0 ; 0 ; 0 ; 0 ; 0 ; 0 ; 
org::apache::lucene::benchmark::byTask::tasks::ResetInputsTask ; 0 ; 0 ; 0 ; 0 ; 0 ; 0 ; 0 ; 0 ; 0 ; 0 ; 
org::apache::lucene::index::TermVectorEntryFreqSortedComparator ; 1 ; 1 ; 0 ; 0 ; 0 ; 0 ; 0 ; 0 ; 0 ; 0 ; 
org::apache::lucene::index::LogDocMergePolicy ; 4 ; 4 ; 0 ; 0 ; 0 ; 0 ; 0 ; 0 ; 0 ; 0 ; 
org::apache::lucene::benchmark::quality::QualityBenchmark ; 2 ; 2 ; 0 ; 0 ; 0 ; 0 ; 0 ; 0 ; 0 ; 0 ; 
org::apache::lucene::search::function::ValueSource ; 3 ; 3 ; 0 ; 0 ; 0 ; 0 ; 0 ; 0 ; 0 ; 0 ; 
org::apache::lucene::store::VerifyingLockFactory ; 2 ; 2 ; 0 ; 0 ; 0 ; 0 ; 0 ; 0 ; 0 ; 0 ; 
org::apache::lucene::index::TermsHashPerThread ; 1 ; 1 ; 0 ; 0 ; 0 ; 0 ; 0 ; 0 ; 0 ; 0 ; 
org::apache::lucene::index::ReusableStringReader ; 1 ; 1 ; 0 ; 0 ; 0 ; 0 ; 0 ; 0 ; 0 ; 0 ; 
org::tartarus::snowball::ext::NorwegianStemmer ; 1 ; 1 ; 0 ; 0 ; 0 ; 0 ; 0 ; 0 ; 0 ; 0 ; 
org::apache::lucene::search::TopFieldDocCollector ; 2 ; 2 ; 0 ; 0 ; 0 ; 0 ; 0 ; 0 ; 0 ; 0 ; 
org::apache::lucene::analysis::sinks::DateRecognizerSinkTokenizer ; 2 ; 2 ; 0 ; 0 ; 0 ; 0 ; 0 ; 0 ; 0 ; 0 ; 
org::apache::lucene::xmlparser::QueryBuilderFactory ; 1 ; 1 ; 0 ; 0 ; 0 ; 0 ; 0 ; 0 ; 0 ; 0 ; 
org::apache::lucene::benchmark::byTask::feeds::EnwikiDocMaker ; 4 ; 4 ; 0 ; 0 ; 0 ; 0 ; 0 ; 0 ; 0 ; 0 ; 
org::apache::lucene::search::DisjunctionMaxScorer ; 4 ; 4 ; 0 ; 0 ; 0 ; 0 ; 0 ; 0 ; 0 ; 0 ; 
org::apache::lucene::search::BooleanQuery ; 10 ; 10 ; 0 ; 0 ; 0 ; 0 ; 0 ; 0 ; 0 ; 0 ; 
org::apache::lucene::index::DocInverterPerThread ; 1 ; 1 ; 0 ; 0 ; 0 ; 0 ; 0 ; 0 ; 0 ; 0 ; 
org::apache::lucene::index::TermBuffer ; 1 ; 1 ; 0 ; 0 ; 0 ; 0 ; 0 ; 0 ; 0 ; 0 ; 
org::apache::lucene::util::DocIdBitSet ; 1 ; 1 ; 0 ; 0 ; 0 ; 0 ; 0 ; 0 ; 0 ; 0 ; 
org::apache::lucene::analysis::TokenFilter ; 3 ; 3 ; 0 ; 0 ; 0 ; 1 ; 0 ; 0 ; 0 ; 0 ; 
org::apache::lucene::analysis::cjk::CJKTokenizer ; 0 ; 0 ; 0 ; 0 ; 0 ; 0 ; 0 ; 0 ; 0 ; 0 ; 
org::apache::lucene::search::Query ; 0 ; 0 ; 0 ; 0 ; 0 ; 0 ; 0 ; 0 ; 0 ; 0 ; 
org::apache::lucene::analysis::CachingTokenFilter ; 3 ; 3 ; 0 ; 0 ; 0 ; 1 ; 0 ; 0 ; 0 ; 0 ; 
org::apache::lucene::benchmark::byTask::tasks::SearchWithSortTask ; 1 ; 1 ; 0 ; 0 ; 0 ; 0 ; 0 ; 0 ; 0 ; 0 ; 
org::apache::lucene::benchmark::byTask::feeds::TrecDocMaker ; 6 ; 6 ; 0 ; 0 ; 0 ; 1 ; 0 ; 0 ; 0 ; 0 ; 
org::apache::lucene::benchmark::quality::trec::Trec1MQReader ; 1 ; 1 ; 0 ; 0 ; 0 ; 0 ; 0 ; 0 ; 0 ; 0 ; 
org::apache::lucene::demo::HTMLDocument ; 1 ; 1 ; 0 ; 0 ; 0 ; 0 ; 0 ; 0 ; 0 ; 0 ; 
org::apache::lucene::util::Parameter ; 0 ; 0 ; 0 ; 0 ; 0 ; 0 ; 0 ; 0 ; 0 ; 0 ; 
org::apache::lucene::search::RemoteCachingWrapperFilter ; 3 ; 3 ; 0 ; 0 ; 0 ; 0 ; 0 ; 0 ; 0 ; 0 ; 
org::apache::lucene::swing::models::BaseTableModel ; 2 ; 2 ; 0 ; 0 ; 0 ; 0 ; 0 ; 0 ; 0 ; 0 ; 
lucli::LuceneMethods ; 0 ; 0 ; 0 ; 0 ; 0 ; 0 ; 0 ; 0 ; 0 ; 0 ; 
org::tartarus::snowball::SnowballProgram ; 1 ; 1 ; 0 ; 0 ; 0 ; 0 ; 0 ; 0 ; 0 ; 0 ; 
org::apache::lucene::benchmark::byTask::tasks::RepAllTask ; 1 ; 1 ; 0 ; 0 ; 0 ; 0 ; 0 ; 0 ; 0 ; 0 ; 
org::apache::lucene::benchmark::byTask::feeds::DemoHTMLParser ; 2 ; 2 ; 0 ; 0 ; 0 ; 0 ; 0 ; 0 ; 0 ; 0 ; 
org::apache::lucene::xmlparser::builders::SpanNearBuilder ; 0 ; 0 ; 0 ; 0 ; 0 ; 0 ; 0 ; 0 ; 0 ; 0 ; 
org::apache::lucene::index::SegmentTermPositions ; 6 ; 6 ; 0 ; 0 ; 0 ; 0 ; 0 ; 0 ; 0 ; 0 ; 
org::apache::lucene::analysis::ru::RussianStemmer ; 0 ; 0 ; 0 ; 0 ; 0 ; 0 ; 0 ; 0 ; 0 ; 0 ; 
org::apache::lucene::benchmark::byTask::feeds::LineDocMaker ; 7 ; 7 ; 0 ; 0 ; 0 ; 0 ; 0 ; 0 ; 0 ; 0 ; 
org::apache::lucene::index::NormsWriterPerField ; 1 ; 1 ; 0 ; 0 ; 0 ; 0 ; 0 ; 0 ; 0 ; 0 ; 
org::apache::lucene::queryParser::precedence::PrecedenceQueryParserTokenManager ; 0 ; 0 ; 0 ; 0 ; 0 ; 0 ; 0 ; 0 ; 0 ; 0 ; 
org::apache::lucene::analysis::fr::FrenchAnalyzer ; 0 ; 0 ; 0 ; 0 ; 0 ; 0 ; 0 ; 0 ; 0 ; 0 ; 
org::apache::lucene::search::ReqOptSumScorer ; 0 ; 0 ; 0 ; 0 ; 0 ; 0 ; 0 ; 0 ; 0 ; 0 ; 
org::apache::lucene::ant::DocumentHandlerException ; 0 ; 0 ; 0 ; 0 ; 0 ; 0 ; 0 ; 0 ; 0 ; 0 ; 
org::apache::lucene::analysis::shingle::ShingleAnalyzerWrapper ; 1 ; 1 ; 0 ; 0 ; 0 ; 0 ; 0 ; 0 ; 0 ; 0 ; 
org::apache::lucene::queryParser::TokenMgrError ; 3 ; 3 ; 0 ; 0 ; 0 ; 0 ; 0 ; 0 ; 0 ; 0 ; 
org::apache::lucene::xmlparser::builders::SpanFirstBuilder ; 0 ; 0 ; 0 ; 0 ; 0 ; 0 ; 0 ; 0 ; 0 ; 0 ; 
org::apache::lucene::search::MatchAllDocsQuery ; 6 ; 6 ; 0 ; 0 ; 0 ; 0 ; 0 ; 0 ; 0 ; 0 ; 
org::apache::lucene::xmlparser::ParserException ; 1 ; 1 ; 0 ; 0 ; 0 ; 0 ; 0 ; 0 ; 0 ; 0 ; 
org::apache::lucene::benchmark::byTask::utils::Format ; 3 ; 3 ; 0 ; 0 ; 0 ; 0 ; 0 ; 0 ; 0 ; 0 ; 
org::tartarus::snowball::ext::PorterStemmer ; 1 ; 1 ; 0 ; 0 ; 0 ; 0 ; 0 ; 0 ; 0 ; 0 ; 
org::apache::lucene::swing::models::DataStore ; 1 ; 1 ; 0 ; 0 ; 0 ; 0 ; 0 ; 0 ; 0 ; 0 ; 
org::apache::lucene::store::MockRAMDirectory ; 17 ; 17 ; 0 ; 0 ; 0 ; 0 ; 0 ; 0 ; 0 ; 0 ; 
org::apache::lucene::search::HitQueue ; 0 ; 0 ; 0 ; 0 ; 0 ; 0 ; 0 ; 0 ; 0 ; 0 ; 
org::apache::lucene::misc::IndexMergeTool ; 2 ; 2 ; 0 ; 0 ; 0 ; 0 ; 0 ; 0 ; 0 ; 0 ; 
org::apache::lucene::search::Filter ; 1 ; 1 ; 0 ; 0 ; 0 ; 0 ; 0 ; 0 ; 0 ; 0 ; 
org::apache::lucene::benchmark::byTask::tasks::OpenIndexTask ; 8 ; 8 ; 0 ; 0 ; 0 ; 0 ; 0 ; 0 ; 0 ; 0 ; 
org::apache::lucene::queryParser::surround::query::TooManyBasicQueries ; 0 ; 0 ; 0 ; 0 ; 0 ; 0 ; 0 ; 0 ; 0 ; 0 ; 
org::apache::lucene::benchmark::byTask::tasks::CloseIndexTask ; 2 ; 2 ; 0 ; 0 ; 0 ; 0 ; 0 ; 0 ; 0 ; 0 ; 
org::apache::lucene::search::highlight::Highlighter ; 6 ; 6 ; 0 ; 0 ; 0 ; 0 ; 0 ; 0 ; 0 ; 0 ; 
org::apache::lucene::store::AlreadyClosedException ; 1 ; 1 ; 0 ; 0 ; 0 ; 0 ; 0 ; 0 ; 0 ; 0 ; 
org::apache::lucene::index::FilterIndexReader ; 8 ; 8 ; 0 ; 0 ; 0 ; 0 ; 0 ; 0 ; 0 ; 0 ; 
org::apache::lucene::index::SegmentWriteState ; 0 ; 0 ; 0 ; 0 ; 0 ; 0 ; 0 ; 0 ; 0 ; 0 ; 
org::apache::lucene::search::FilteredQuery ; 7 ; 7 ; 0 ; 0 ; 0 ; 0 ; 0 ; 0 ; 0 ; 0 ; 
org::apache::lucene::misc::ChainedFilter ; 0 ; 0 ; 0 ; 0 ; 0 ; 0 ; 0 ; 0 ; 0 ; 0 ; 
org::apache::lucene::search::RemoteCachingWrapperFilterHelper ; 3 ; 3 ; 0 ; 0 ; 0 ; 0 ; 0 ; 0 ; 0 ; 0 ; 
org::apache::lucene::search::spell::LuceneDictionary ; 0 ; 0 ; 0 ; 0 ; 0 ; 0 ; 0 ; 0 ; 0 ; 0 ; 
org::apache::lucene::search::payloads::PayloadHelper ; 2 ; 2 ; 0 ; 0 ; 0 ; 0 ; 0 ; 0 ; 0 ; 0 ; 
org::apache::lucene::util::ScorerDocQueue ; 1 ; 1 ; 0 ; 0 ; 0 ; 0 ; 0 ; 0 ; 0 ; 0 ; 
org::apache::lucene::index::StaleReaderException ; 1 ; 1 ; 0 ; 0 ; 0 ; 0 ; 0 ; 0 ; 0 ; 0 ; 
org::apache::lucene::analysis::cn::ChineseFilter ; 0 ; 0 ; 0 ; 0 ; 0 ; 0 ; 0 ; 0 ; 0 ; 0 ; 
org::apache::lucene::index::TermVectorOffsetInfo ; 0 ; 0 ; 0 ; 0 ; 0 ; 1 ; 0 ; 0 ; 0 ; 0 ; 
org::apache::lucene::benchmark::byTask::Benchmark ; 4 ; 4 ; 0 ; 0 ; 0 ; 0 ; 0 ; 0 ; 0 ; 0 ; 
org::apache::lucene::analysis::standard::StandardTokenizerImpl ; 5 ; 5 ; 0 ; 0 ; 0 ; 0 ; 0 ; 0 ; 0 ; 0 ; 
org::apache::lucene::document::DateField ; 0 ; 0 ; 0 ; 0 ; 0 ; 0 ; 0 ; 0 ; 0 ; 0 ; 
org::apache::lucene::benchmark::byTask::programmatic::Sample ; 0 ; 0 ; 0 ; 0 ; 0 ; 0 ; 0 ; 0 ; 0 ; 0 ; 
org::apache::lucene::index::CheckIndex ; 9 ; 9 ; 0 ; 0 ; 0 ; 2 ; 0 ; 0 ; 0 ; 0 ; 
org::apache::lucene::index::FormatPostingsTermsConsumer ; 0 ; 0 ; 0 ; 0 ; 0 ; 0 ; 0 ; 0 ; 0 ; 0 ; 
org::apache::lucene::benchmark::byTask::tasks::ReopenReaderTask ; 1 ; 1 ; 0 ; 0 ; 0 ; 0 ; 0 ; 0 ; 0 ; 0 ; 
org::apache::lucene::index::SegmentTermEnum ; 6 ; 6 ; 0 ; 0 ; 0 ; 0 ; 0 ; 0 ; 0 ; 0 ; 
org::apache::lucene::analysis::TokenStream ; 6 ; 6 ; 0 ; 0 ; 0 ; 1 ; 0 ; 0 ; 0 ; 0 ; 
org::apache::lucene::analysis::nl::DutchAnalyzer ; 0 ; 0 ; 0 ; 0 ; 0 ; 0 ; 0 ; 0 ; 0 ; 0 ; 
org::apache::lucene::analysis::PorterStemmer ; 1 ; 1 ; 0 ; 0 ; 0 ; 0 ; 0 ; 0 ; 0 ; 0 ; 
org::apache::lucene::search::PrefixTermEnum ; 0 ; 0 ; 0 ; 0 ; 0 ; 0 ; 0 ; 0 ; 0 ; 0 ; 
org::apache::lucene::store::je::JELock ; 1 ; 1 ; 0 ; 0 ; 0 ; 0 ; 0 ; 0 ; 0 ; 0 ; 
org::apache::lucene::queryParser::precedence::ParseException ; 0 ; 0 ; 0 ; 0 ; 0 ; 0 ; 0 ; 0 ; 0 ; 0 ; 
org::apache::lucene::search::TermQuery ; 3 ; 3 ; 0 ; 0 ; 0 ; 0 ; 0 ; 0 ; 0 ; 0 ; 
org::apache::lucene::search::spans::SpanTermQuery ; 3 ; 3 ; 0 ; 0 ; 0 ; 0 ; 0 ; 0 ; 0 ; 0 ; 
org::apache::lucene::util::English ; 0 ; 0 ; 0 ; 0 ; 0 ; 0 ; 0 ; 0 ; 0 ; 0 ; 
org::apache::lucene::index::FieldsWriter ; 11 ; 11 ; 0 ; 0 ; 0 ; 0 ; 0 ; 0 ; 0 ; 0 ; 
org::apache::lucene::document::DateTools ; 2 ; 2 ; 0 ; 0 ; 0 ; 0 ; 0 ; 0 ; 0 ; 0 ; 
org::apache::lucene::analysis::ar::ArabicAnalyzer ; 0 ; 0 ; 0 ; 0 ; 0 ; 0 ; 0 ; 0 ; 0 ; 0 ; 
org::apache::lucene::benchmark::quality::trec::TrecTopicsReader ; 1 ; 1 ; 0 ; 0 ; 0 ; 0 ; 0 ; 0 ; 0 ; 0 ; 
org::apache::lucene::analysis::SinkTokenizer ; 2 ; 2 ; 0 ; 0 ; 0 ; 0 ; 0 ; 0 ; 0 ; 0 ; 
org::apache::lucene::search::FieldDocSortedHitQueue ; 5 ; 5 ; 0 ; 0 ; 0 ; 0 ; 0 ; 0 ; 0 ; 0 ; 
org::apache::lucene::search::TermScorer ; 0 ; 0 ; 0 ; 0 ; 0 ; 0 ; 0 ; 0 ; 0 ; 0 ; 
org::apache::lucene::swing::models::TableSearcherSimulator ; 1 ; 1 ; 0 ; 0 ; 0 ; 0 ; 0 ; 0 ; 0 ; 0 ; 
org::apache::lucene::search::BooleanFilter ; 3 ; 3 ; 0 ; 0 ; 0 ; 0 ; 0 ; 0 ; 0 ; 0 ; 
org::apache::lucene::index::DocConsumerPerThread ; 1 ; 1 ; 0 ; 0 ; 0 ; 0 ; 0 ; 0 ; 0 ; 0 ; 
org::apache::lucene::analysis::compound::hyphenation::ByteVector ; 1 ; 1 ; 0 ; 0 ; 0 ; 0 ; 0 ; 0 ; 0 ; 0 ; 
org::apache::lucene::analysis::payloads::PayloadHelper ; 1 ; 1 ; 0 ; 0 ; 0 ; 0 ; 0 ; 0 ; 0 ; 0 ; 
org::apache::lucene::search::DisjunctionMaxQuery ; 6 ; 6 ; 0 ; 0 ; 0 ; 0 ; 0 ; 0 ; 0 ; 0 ; 
org::apache::lucene::analysis::th::ThaiAnalyzer ; 2 ; 2 ; 0 ; 0 ; 0 ; 0 ; 0 ; 0 ; 0 ; 0 ; 
org::apache::lucene::store::IndexOutput ; 5 ; 5 ; 0 ; 0 ; 0 ; 0 ; 0 ; 0 ; 0 ; 0 ; 
org::apache::lucene::queryParser::surround::query::FieldsQuery ; 1 ; 1 ; 0 ; 0 ; 0 ; 0 ; 0 ; 0 ; 0 ; 0 ; 
org::apache::lucene::queryParser::surround::query::AndQuery ; 0 ; 0 ; 0 ; 0 ; 0 ; 0 ; 0 ; 0 ; 0 ; 0 ; 
org::apache::lucene::analysis::ru::RussianLetterTokenizer ; 0 ; 0 ; 0 ; 0 ; 0 ; 0 ; 0 ; 0 ; 0 ; 0 ; 
org::apache::lucene::index::MultiLevelSkipListWriter ; 1 ; 1 ; 0 ; 0 ; 0 ; 0 ; 0 ; 0 ; 0 ; 0 ; 
org::apache::lucene::search::function::IntFieldSource ; 3 ; 3 ; 0 ; 0 ; 0 ; 0 ; 0 ; 0 ; 0 ; 0 ; 
org::apache::lucene::index::SerialMergeScheduler ; 5 ; 5 ; 0 ; 0 ; 0 ; 0 ; 0 ; 0 ; 0 ; 0 ; 
org::apache::lucene::analysis::standard::StandardFilter ; 3 ; 3 ; 0 ; 0 ; 0 ; 0 ; 0 ; 0 ; 0 ; 0 ; 
org::apache::lucene::benchmark::byTask::tasks::SearchTask ; 1 ; 1 ; 0 ; 0 ; 0 ; 0 ; 0 ; 0 ; 0 ; 0 ; 
org::apache::lucene::util::SmallFloat ; 1 ; 1 ; 0 ; 0 ; 0 ; 0 ; 0 ; 0 ; 0 ; 0 ; 
org::apache::lucene::store::je::JEIndexOutput ; 2 ; 2 ; 0 ; 0 ; 0 ; 0 ; 0 ; 0 ; 0 ; 0 ; 
org::apache::lucene::analysis::LowerCaseFilter ; 2 ; 2 ; 0 ; 0 ; 0 ; 0 ; 0 ; 0 ; 0 ; 0 ; 
org::apache::lucene::queryParser::surround::query::ExceptionQueryTst ; 2 ; 2 ; 0 ; 0 ; 0 ; 0 ; 0 ; 0 ; 0 ; 0 ; 
org::apache::lucene::demo::html::Token ; 0 ; 0 ; 0 ; 0 ; 0 ; 0 ; 0 ; 0 ; 0 ; 0 ; 
org::apache::lucene::store::db::DbIndexInput ; 0 ; 0 ; 0 ; 0 ; 0 ; 0 ; 0 ; 0 ; 0 ; 0 ; 
org::apache::lucene::benchmark::byTask::feeds::DocData ; 1 ; 1 ; 0 ; 0 ; 0 ; 0 ; 0 ; 0 ; 0 ; 0 ; 
org::apache::lucene::search::spans::SpanNearQuery ; 3 ; 3 ; 0 ; 0 ; 0 ; 0 ; 0 ; 0 ; 0 ; 0 ; 
org::apache::lucene::queryParser::surround::parser::Token ; 0 ; 0 ; 0 ; 0 ; 0 ; 0 ; 0 ; 0 ; 0 ; 0 ; 
org::apache::lucene::benchmark::byTask::tasks::PerfTask ; 3 ; 3 ; 0 ; 0 ; 0 ; 0 ; 0 ; 0 ; 0 ; 0 ; 
org::apache::lucene::benchmark::byTask::feeds::BasicDocMaker ; 6 ; 6 ; 0 ; 0 ; 0 ; 0 ; 0 ; 0 ; 0 ; 0 ; 
org::apache::lucene::search::regex::JavaUtilRegexCapabilities ; 0 ; 0 ; 0 ; 0 ; 0 ; 0 ; 0 ; 0 ; 0 ; 0 ; 
org::apache::lucene::search::SimilarityDelegator ; 1 ; 1 ; 0 ; 0 ; 0 ; 0 ; 0 ; 0 ; 0 ; 0 ; 
org::apache::lucene::search::FuzzyQuery ; 2 ; 2 ; 0 ; 0 ; 0 ; 0 ; 0 ; 0 ; 0 ; 0 ; 
org::apache::lucene::xmlparser::builders::BoostingQueryBuilder ; 0 ; 0 ; 0 ; 0 ; 0 ; 0 ; 0 ; 0 ; 0 ; 0 ; 
org::apache::lucene::search::SpanFilter ; 2 ; 2 ; 0 ; 0 ; 0 ; 0 ; 0 ; 0 ; 0 ; 0 ; 
org::apache::lucene::store::instantiated::InstantiatedTermPositionVector ; 1 ; 1 ; 0 ; 0 ; 0 ; 0 ; 0 ; 0 ; 0 ; 0 ; 
org::apache::lucene::store::MockRAMOutputStream ; 9 ; 9 ; 0 ; 0 ; 0 ; 0 ; 0 ; 0 ; 0 ; 0 ; 
org::apache::lucene::benchmark::byTask::tasks::ResetSystemSoftTask ; 2 ; 2 ; 0 ; 0 ; 0 ; 0 ; 0 ; 0 ; 0 ; 0 ; 
org::apache::lucene::index::IndexCommit ; 6 ; 6 ; 0 ; 0 ; 0 ; 0 ; 0 ; 0 ; 0 ; 0 ; 
org::apache::lucene::analysis::compound::hyphenation::Hyphenation ; 1 ; 1 ; 0 ; 0 ; 0 ; 0 ; 0 ; 0 ; 0 ; 0 ; 
org::apache::lucene::search::similar::SimilarityQueries ; 0 ; 0 ; 0 ; 0 ; 0 ; 0 ; 0 ; 0 ; 0 ; 0 ; 
org::apache::lucene::analysis::SimpleAnalyzer ; 1 ; 1 ; 0 ; 0 ; 0 ; 0 ; 0 ; 0 ; 0 ; 0 ; 
org::apache::lucene::benchmark::byTask::feeds::DirDocMaker ; 3 ; 3 ; 0 ; 0 ; 0 ; 0 ; 0 ; 0 ; 0 ; 0 ; 
org::apache::lucene::search::regex::SpanRegexQuery ; 1 ; 1 ; 0 ; 0 ; 0 ; 0 ; 0 ; 0 ; 0 ; 0 ; 
org::apache::lucene::benchmark::byTask::feeds::SimpleQueryMaker ; 2 ; 2 ; 0 ; 0 ; 0 ; 0 ; 0 ; 0 ; 0 ; 0 ; 
org::apache::lucene::index::TermVectorsTermsWriterPerField ; 2 ; 2 ; 0 ; 0 ; 0 ; 0 ; 0 ; 0 ; 0 ; 0 ; 
org::apache::lucene::benchmark::byTask::tasks::CommitIndexTask ; 1 ; 1 ; 0 ; 0 ; 0 ; 0 ; 0 ; 0 ; 0 ; 0 ; 
org::apache::lucene::benchmark::byTask::tasks::SearchTravRetHighlightTask ; 1 ; 1 ; 0 ; 0 ; 0 ; 0 ; 0 ; 0 ; 0 ; 0 ; 
org::apache::lucene::search::highlight::QueryScorer ; 0 ; 0 ; 0 ; 0 ; 0 ; 0 ; 0 ; 0 ; 0 ; 0 ; 
org::apache::lucene::queryParser::FastCharStream ; 0 ; 0 ; 0 ; 0 ; 0 ; 0 ; 0 ; 0 ; 0 ; 0 ; 
org::apache::lucene::benchmark::standard::StandardOptions ; 0 ; 0 ; 0 ; 0 ; 0 ; 0 ; 0 ; 0 ; 0 ; 0 ; 
org::apache::lucene::search::function::FieldCacheSource ; 3 ; 3 ; 0 ; 0 ; 0 ; 0 ; 0 ; 0 ; 0 ; 0 ; 
org::apache::lucene::search::CachingWrapperFilter ; 4 ; 4 ; 0 ; 0 ; 0 ; 1 ; 0 ; 0 ; 0 ; 0 ; 
org::apache::lucene::search::RangeQuery ; 3 ; 3 ; 0 ; 0 ; 0 ; 1 ; 0 ; 0 ; 0 ; 0 ; 
org::apache::lucene::analysis::sinks::TokenRangeSinkTokenizer ; 1 ; 1 ; 0 ; 0 ; 0 ; 0 ; 0 ; 0 ; 0 ; 0 ; 
org::apache::lucene::index::CompoundFileWriter ; 5 ; 5 ; 0 ; 0 ; 0 ; 0 ; 0 ; 0 ; 0 ; 0 ; 
org::apache::lucene::benchmark::standard::StandardBenchmarker ; 4 ; 4 ; 0 ; 0 ; 0 ; 0 ; 0 ; 0 ; 0 ; 0 ; 
org::apache::lucene::queryParser::surround::query::SrndBooleanQuery ; 0 ; 0 ; 0 ; 0 ; 0 ; 0 ; 0 ; 0 ; 0 ; 0 ; 
org::apache::lucene::analysis::snowball::SnowballFilter ; 0 ; 0 ; 0 ; 0 ; 0 ; 0 ; 0 ; 0 ; 0 ; 0 ; 
org::apache::lucene::index::FieldInfo ; 5 ; 5 ; 0 ; 0 ; 0 ; 1 ; 0 ; 0 ; 0 ; 0 ; 
org::apache::lucene::search::Hits ; 4 ; 4 ; 0 ; 0 ; 0 ; 0 ; 0 ; 0 ; 0 ; 0 ; 
org::apache::lucene::search::spell::JaroWinklerDistance ; 1 ; 1 ; 0 ; 0 ; 0 ; 0 ; 0 ; 0 ; 0 ; 0 ; 
org::apache::lucene::search::FieldSortedHitQueue ; 10 ; 10 ; 0 ; 0 ; 0 ; 0 ; 0 ; 0 ; 0 ; 0 ; 
org::apache::lucene::util::cache::SimpleLRUCache ; 1 ; 1 ; 0 ; 0 ; 0 ; 0 ; 0 ; 0 ; 0 ; 0 ; 
org::apache::lucene::search::RangeTermEnum ; 0 ; 0 ; 0 ; 0 ; 0 ; 1 ; 0 ; 0 ; 0 ; 0 ; 
org::apache::lucene::analysis::StopFilter ; 6 ; 6 ; 0 ; 0 ; 0 ; 0 ; 0 ; 0 ; 0 ; 0 ; 
org::apache::lucene::index::PositionBasedTermVectorMapper ; 4 ; 4 ; 0 ; 0 ; 0 ; 0 ; 0 ; 0 ; 0 ; 0 ; 
org::apache::lucene::store::ChecksumIndexOutput ; 2 ; 2 ; 0 ; 0 ; 0 ; 0 ; 0 ; 0 ; 0 ; 0 ; 
org::apache::lucene::misc::LengthNormModifier ; 2 ; 2 ; 0 ; 0 ; 0 ; 0 ; 0 ; 0 ; 0 ; 0 ; 
org::apache::lucene::benchmark::byTask::tasks::OptimizeTask ; 2 ; 2 ; 0 ; 0 ; 0 ; 0 ; 0 ; 0 ; 0 ; 0 ; 
org::apache::lucene::xmlparser::QueryTemplateManager ; 1 ; 1 ; 0 ; 0 ; 0 ; 0 ; 0 ; 0 ; 0 ; 0 ; 
org::apache::lucene::demo::FileDocument ; 1 ; 1 ; 0 ; 0 ; 0 ; 0 ; 0 ; 0 ; 0 ; 0 ; 
org::tartarus::snowball::ext::German2Stemmer ; 1 ; 1 ; 0 ; 0 ; 0 ; 0 ; 0 ; 0 ; 0 ; 0 ; 
org::apache::lucene::index::DocHelper ; 6 ; 6 ; 0 ; 0 ; 0 ; 0 ; 0 ; 0 ; 0 ; 0 ; 
org::apache::lucene::search::TopDocCollector ; 3 ; 3 ; 0 ; 0 ; 0 ; 0 ; 0 ; 0 ; 0 ; 0 ; 
org::apache::lucene::index::MultiSegmentReader ; 6 ; 6 ; 0 ; 0 ; 0 ; 1 ; 0 ; 0 ; 0 ; 0 ; 
org::apache::lucene::search::QueryWrapperFilter ; 2 ; 2 ; 0 ; 0 ; 0 ; 0 ; 0 ; 0 ; 0 ; 0 ; 
org::apache::lucene::search::function::DocValues ; 3 ; 3 ; 0 ; 0 ; 0 ; 0 ; 0 ; 0 ; 0 ; 0 ; 
org::apache::lucene::index::DocFieldConsumerPerThread ; 1 ; 1 ; 0 ; 0 ; 0 ; 0 ; 0 ; 0 ; 0 ; 0 ; 
org::apache::lucene::analysis::KeywordTokenizer ; 0 ; 0 ; 0 ; 0 ; 0 ; 0 ; 0 ; 0 ; 0 ; 0 ; 
org::apache::lucene::queryParser::precedence::TokenMgrError ; 0 ; 0 ; 0 ; 0 ; 0 ; 0 ; 0 ; 0 ; 0 ; 0 ; 
org::apache::lucene::analysis::ngram::EdgeNGramTokenizer ; 3 ; 3 ; 0 ; 0 ; 0 ; 0 ; 0 ; 0 ; 0 ; 0 ; 
org::apache::lucene::search::similar::MoreLikeThisQuery ; 3 ; 3 ; 0 ; 0 ; 0 ; 0 ; 0 ; 0 ; 0 ; 0 ; 
org::apache::lucene::search::highlight::SimpleHTMLFormatter ; 0 ; 0 ; 0 ; 0 ; 0 ; 0 ; 0 ; 0 ; 0 ; 0 ; 
org::apache::lucene::index::FormatPostingsFieldsWriter ; 0 ; 0 ; 0 ; 0 ; 0 ; 0 ; 0 ; 0 ; 0 ; 0 ; 
org::apache::lucene::store::NoLockFactory ; 2 ; 2 ; 0 ; 0 ; 0 ; 0 ; 0 ; 0 ; 0 ; 0 ; 
org::apache::lucene::search::FilterClause ; 2 ; 2 ; 0 ; 0 ; 0 ; 0 ; 0 ; 0 ; 0 ; 0 ; 
org::apache::lucene::xmlparser::webdemo::FormBasedXmlQueryDemo ; 0 ; 0 ; 0 ; 0 ; 0 ; 0 ; 0 ; 0 ; 0 ; 0 ; 
org::apache::lucene::index::InvertedDocEndConsumerPerField ; 1 ; 1 ; 0 ; 0 ; 0 ; 0 ; 0 ; 0 ; 0 ; 0 ; 
org::tartarus::snowball::ext::RomanianStemmer ; 1 ; 1 ; 0 ; 0 ; 0 ; 0 ; 0 ; 0 ; 0 ; 0 ; 
org::apache::lucene::store::je::File ; 1 ; 1 ; 0 ; 0 ; 0 ; 0 ; 0 ; 0 ; 0 ; 0 ; 
org::apache::lucene::benchmark::byTask::tasks::DeleteDocTask ; 2 ; 2 ; 0 ; 0 ; 0 ; 0 ; 0 ; 0 ; 0 ; 0 ; 
org::apache::lucene::search::Scorer ; 1 ; 1 ; 0 ; 0 ; 0 ; 0 ; 0 ; 0 ; 0 ; 0 ; 
org::apache::lucene::analysis::nl::DutchStemmer ; 0 ; 0 ; 0 ; 0 ; 0 ; 0 ; 0 ; 0 ; 0 ; 0 ; 
org::apache::lucene::search::function::ValueSourceQuery ; 2 ; 2 ; 0 ; 0 ; 0 ; 1 ; 0 ; 0 ; 0 ; 0 ; 
org::apache::lucene::store::db::SanityLoadLibrary ; 1 ; 1 ; 0 ; 0 ; 0 ; 0 ; 0 ; 0 ; 0 ; 0 ; 
org::apache::lucene::benchmark::byTask::tasks::NewAnalyzerTask ; 2 ; 2 ; 0 ; 0 ; 0 ; 0 ; 0 ; 0 ; 0 ; 0 ; 
org::tartarus::snowball::ext::GermanStemmer ; 1 ; 1 ; 0 ; 0 ; 0 ; 0 ; 0 ; 0 ; 0 ; 0 ; 
org::apache::lucene::util::Constants ; 1 ; 1 ; 0 ; 0 ; 0 ; 0 ; 0 ; 0 ; 0 ; 0 ; 
org::apache::lucene::queryParser::surround::query::SrndTermQuery ; 0 ; 0 ; 0 ; 0 ; 0 ; 0 ; 0 ; 0 ; 0 ; 0 ; 
org::apache::lucene::queryParser::surround::query::SrndTruncQuery ; 0 ; 0 ; 0 ; 0 ; 0 ; 0 ; 0 ; 0 ; 0 ; 0 ; 
org::apache::lucene::search::spans::NearSpansUnordered ; 3 ; 3 ; 0 ; 0 ; 0 ; 0 ; 0 ; 0 ; 0 ; 0 ; 
org::apache::lucene::xmlparser::builders::BooleanFilterBuilder ; 1 ; 1 ; 0 ; 0 ; 0 ; 0 ; 0 ; 0 ; 0 ; 0 ; 
org::apache::lucene::benchmark::quality::utils::SimpleQQParser ; 1 ; 1 ; 0 ; 0 ; 0 ; 0 ; 0 ; 0 ; 0 ; 0 ; 
org::apache::lucene::index::SnapshotDeletionPolicy ; 5 ; 5 ; 0 ; 0 ; 0 ; 0 ; 0 ; 0 ; 0 ; 0 ; 
org::apache::lucene::analysis::cz::CzechAnalyzer ; 0 ; 0 ; 0 ; 0 ; 0 ; 0 ; 0 ; 0 ; 0 ; 0 ; 
org::apache::lucene::index::ByteSliceWriter ; 1 ; 1 ; 0 ; 0 ; 0 ; 0 ; 0 ; 0 ; 0 ; 0 ; 
org::apache::lucene::analysis::fr::FrenchStemmer ; 0 ; 0 ; 0 ; 0 ; 0 ; 0 ; 0 ; 0 ; 0 ; 0 ; 
org::apache::lucene::benchmark::byTask::feeds::AbstractQueryMaker ; 1 ; 1 ; 0 ; 0 ; 0 ; 0 ; 0 ; 0 ; 0 ; 0 ; 
org::apache::lucene::search::FilteredTermEnum ; 0 ; 0 ; 0 ; 0 ; 0 ; 0 ; 0 ; 0 ; 0 ; 0 ; 
org::apache::lucene::analysis::payloads::NumericPayloadTokenFilter ; 2 ; 2 ; 0 ; 0 ; 0 ; 0 ; 0 ; 0 ; 0 ; 0 ; 
org::apache::lucene::analysis::compound::hyphenation::PatternParser ; 1 ; 1 ; 0 ; 0 ; 0 ; 0 ; 0 ; 0 ; 0 ; 0 ; 
org::apache::lucene::analysis::fr::FrenchStemFilter ; 0 ; 0 ; 0 ; 0 ; 0 ; 0 ; 0 ; 0 ; 0 ; 0 ; 
org::apache::lucene::search::spans::SpanQuery ; 1 ; 1 ; 0 ; 0 ; 0 ; 0 ; 0 ; 0 ; 0 ; 0 ; 
org::apache::lucene::search::function::OrdFieldSource ; 3 ; 3 ; 0 ; 0 ; 0 ; 0 ; 0 ; 0 ; 0 ; 0 ; 
org::tartarus::snowball::ext::DutchStemmer ; 1 ; 1 ; 0 ; 0 ; 0 ; 0 ; 0 ; 0 ; 0 ; 0 ; 
org::apache::lucene::index::memory::PatternAnalyzer ; 2 ; 2 ; 0 ; 0 ; 0 ; 0 ; 0 ; 0 ; 0 ; 0 ; 
org::apache::lucene::search::function::FieldScoreQuery ; 1 ; 1 ; 0 ; 0 ; 0 ; 0 ; 0 ; 0 ; 0 ; 0 ; 
org::apache::lucene::analysis::compound::CompoundWordTokenFilterBase ; 2 ; 2 ; 0 ; 0 ; 0 ; 0 ; 0 ; 0 ; 0 ; 0 ; 
org::apache::lucene::swing::models::ListSearcher ; 3 ; 3 ; 0 ; 0 ; 0 ; 0 ; 0 ; 0 ; 0 ; 0 ; 
org::apache::lucene::index::DocConsumer ; 1 ; 1 ; 0 ; 0 ; 0 ; 0 ; 0 ; 0 ; 0 ; 0 ; 
org::apache::lucene::analysis::standard::StandardTokenizer ; 8 ; 8 ; 0 ; 0 ; 0 ; 1 ; 0 ; 0 ; 0 ; 0 ; 
org::apache::lucene::xmlparser::builders::SpanOrTermsBuilder ; 1 ; 1 ; 0 ; 0 ; 0 ; 0 ; 0 ; 0 ; 0 ; 0 ; 
org::apache::lucene::analysis::cn::ChineseTokenizer ; 0 ; 0 ; 0 ; 0 ; 0 ; 0 ; 0 ; 0 ; 0 ; 0 ; 
org::apache::lucene::wikipedia::analysis::WikipediaTokenizer ; 6 ; 6 ; 0 ; 0 ; 0 ; 0 ; 0 ; 0 ; 0 ; 0 ; 
org::apache::lucene::store::instantiated::InstantiatedTermDocs ; 2 ; 2 ; 0 ; 0 ; 0 ; 0 ; 0 ; 0 ; 0 ; 0 ; 
org::apache::lucene::index::DocFieldProcessorPerThread ; 2 ; 2 ; 0 ; 0 ; 0 ; 0 ; 0 ; 0 ; 0 ; 0 ; 
org::apache::lucene::xmlparser::builders::UserInputQueryBuilder ; 1 ; 1 ; 0 ; 0 ; 0 ; 0 ; 0 ; 0 ; 0 ; 0 ; 
org::apache::lucene::analysis::ru::RussianStemFilter ; 0 ; 0 ; 0 ; 0 ; 0 ; 0 ; 0 ; 0 ; 0 ; 0 ; 
org::apache::lucene::analysis::shingle::ShingleFilter ; 2 ; 2 ; 0 ; 0 ; 0 ; 0 ; 0 ; 0 ; 0 ; 0 ; 
org::apache::lucene::index::DocFieldConsumer ; 1 ; 1 ; 0 ; 0 ; 0 ; 0 ; 0 ; 0 ; 0 ; 0 ; 
org::apache::lucene::analysis::compound::hyphenation::CharVector ; 1 ; 1 ; 0 ; 0 ; 0 ; 0 ; 0 ; 0 ; 0 ; 0 ; 
org::apache::lucene::search::FilterManager ; 2 ; 2 ; 0 ; 0 ; 0 ; 1 ; 0 ; 0 ; 0 ; 0 ; 
org::apache::lucene::search::PhraseQuery ; 4 ; 4 ; 0 ; 0 ; 0 ; 0 ; 0 ; 0 ; 0 ; 0 ; 
org::apache::lucene::index::TermsHashConsumer ; 2 ; 2 ; 0 ; 0 ; 0 ; 0 ; 0 ; 0 ; 0 ; 0 ; 
org::apache::lucene::queryParser::surround::query::BooleanQueryTst ; 2 ; 2 ; 0 ; 0 ; 0 ; 0 ; 0 ; 0 ; 0 ; 0 ; 
org::apache::lucene::index::KeepOnlyLastCommitDeletionPolicy ; 2 ; 2 ; 0 ; 0 ; 0 ; 0 ; 0 ; 0 ; 0 ; 0 ; 
org::apache::lucene::search::BooleanScorer ; 1 ; 1 ; 0 ; 0 ; 0 ; 0 ; 0 ; 0 ; 0 ; 0 ; 
org::apache::lucene::search::FieldCacheImpl ; 9 ; 9 ; 0 ; 0 ; 0 ; 1 ; 0 ; 0 ; 0 ; 0 ; 
org::apache::lucene::store::instantiated::InstantiatedTermFreqVector ; 1 ; 1 ; 0 ; 0 ; 0 ; 0 ; 0 ; 0 ; 0 ; 0 ; 
org::apache::lucene::index::DocFieldConsumerPerField ; 1 ; 1 ; 0 ; 0 ; 0 ; 0 ; 0 ; 0 ; 0 ; 0 ; 
org::apache::lucene::benchmark::byTask::tasks::RepSumByPrefTask ; 1 ; 1 ; 0 ; 0 ; 0 ; 0 ; 0 ; 0 ; 0 ; 0 ; 
org::apache::lucene::index::FormatPostingsPositionsWriter ; 0 ; 0 ; 0 ; 0 ; 0 ; 0 ; 0 ; 0 ; 0 ; 0 ; 
org::apache::lucene::index::FieldsReader ; 24 ; 24 ; 0 ; 0 ; 0 ; 1 ; 0 ; 0 ; 0 ; 0 ; 
org::apache::lucene::store::GCJDirectory ; 1 ; 1 ; 0 ; 0 ; 0 ; 0 ; 0 ; 0 ; 0 ; 0 ; 
org::apache::lucene::search::spell::SuggestWord ; 0 ; 0 ; 0 ; 0 ; 0 ; 0 ; 0 ; 0 ; 0 ; 0 ; 
org::apache::lucene::xmlparser::builders::SpanTermBuilder ; 0 ; 0 ; 0 ; 0 ; 0 ; 0 ; 0 ; 0 ; 0 ; 0 ; 
org::apache::lucene::benchmark::byTask::utils::Algorithm ; 4 ; 4 ; 0 ; 0 ; 0 ; 0 ; 0 ; 0 ; 0 ; 0 ; 
org::apache::lucene::search::CachingWrapperFilterHelper ; 2 ; 2 ; 0 ; 0 ; 0 ; 0 ; 0 ; 0 ; 0 ; 0 ; 
org::tartarus::snowball::ext::RussianStemmer ; 1 ; 1 ; 0 ; 0 ; 0 ; 0 ; 0 ; 0 ; 0 ; 0 ; 
org::apache::lucene::store::db::Block ; 0 ; 0 ; 0 ; 0 ; 0 ; 0 ; 0 ; 0 ; 0 ; 0 ; 
org::apache::lucene::search::HitCollector ; 0 ; 0 ; 0 ; 0 ; 0 ; 0 ; 0 ; 0 ; 0 ; 0 ; 
org::apache::lucene::index::TermVectorMapper ; 2 ; 2 ; 0 ; 0 ; 0 ; 0 ; 0 ; 0 ; 0 ; 0 ; 
org::apache::lucene::util::OpenBitSet ; 2 ; 2 ; 0 ; 0 ; 0 ; 0 ; 0 ; 0 ; 0 ; 0 ; 
org::apache::lucene::benchmark::byTask::tasks::ReadTokensTask ; 2 ; 2 ; 0 ; 0 ; 0 ; 0 ; 0 ; 0 ; 0 ; 0 ; 
org::apache::lucene::store::je::Block ; 1 ; 1 ; 0 ; 0 ; 0 ; 0 ; 0 ; 0 ; 0 ; 0 ; 
org::apache::lucene::util::StringHelper ; 1 ; 1 ; 0 ; 0 ; 0 ; 0 ; 0 ; 0 ; 0 ; 0 ; 
org::apache::lucene::swing::models::ListSearcherSimulator ; 1 ; 1 ; 0 ; 0 ; 0 ; 0 ; 0 ; 0 ; 0 ; 0 ; 
org::apache::lucene::demo::html::Tags ; 0 ; 0 ; 0 ; 0 ; 0 ; 0 ; 0 ; 0 ; 0 ; 0 ; 
org::apache::lucene::benchmark::byTask::tasks::SetPropTask ; 1 ; 1 ; 0 ; 0 ; 0 ; 0 ; 0 ; 0 ; 0 ; 0 ; 
org::apache::lucene::store::LockVerifyServer ; 1 ; 1 ; 0 ; 0 ; 0 ; 0 ; 0 ; 0 ; 0 ; 0 ; 
org::apache::lucene::analysis::payloads::TokenOffsetPayloadTokenFilter ; 2 ; 2 ; 0 ; 0 ; 0 ; 0 ; 0 ; 0 ; 0 ; 0 ; 
org::apache::lucene::search::spans::SpanScorer ; 3 ; 3 ; 0 ; 0 ; 0 ; 0 ; 0 ; 0 ; 0 ; 0 ; 
org::apache::lucene::index::MultiLevelSkipListReader ; 2 ; 2 ; 0 ; 0 ; 0 ; 0 ; 0 ; 0 ; 0 ; 0 ; 
org::apache::lucene::index::DocumentsWriterThreadState ; 5 ; 5 ; 0 ; 0 ; 0 ; 1 ; 0 ; 0 ; 0 ; 0 ; 
org::apache::lucene::document::LoadFirstFieldSelector ; 0 ; 0 ; 0 ; 0 ; 0 ; 0 ; 0 ; 0 ; 0 ; 0 ; 
org::apache::lucene::search::PrefixFilter ; 4 ; 4 ; 0 ; 0 ; 0 ; 0 ; 0 ; 0 ; 0 ; 0 ; 
org::apache::lucene::index::TermVectorsTermsWriter ; 2 ; 2 ; 0 ; 0 ; 0 ; 1 ; 0 ; 0 ; 0 ; 0 ; 
org::apache::lucene::benchmark::Driver ; 0 ; 0 ; 0 ; 0 ; 0 ; 0 ; 0 ; 0 ; 0 ; 0 ; 
org::apache::lucene::benchmark::quality::utils::SubmissionReport ; 2 ; 2 ; 0 ; 0 ; 0 ; 0 ; 0 ; 0 ; 0 ; 0 ; 
org::apache::lucene::store::instantiated::InstantiatedTerm ; 1 ; 1 ; 0 ; 0 ; 0 ; 0 ; 0 ; 0 ; 0 ; 0 ; 
org::apache::lucene::store::instantiated::FieldSetting ; 1 ; 1 ; 0 ; 0 ; 0 ; 1 ; 0 ; 0 ; 0 ; 0 ; 
org::apache::lucene::index::SegmentReader ; 32 ; 32 ; 0 ; 0 ; 0 ; 4 ; 0 ; 0 ; 0 ; 0 ; 
org::apache::lucene::benchmark::byTask::tasks::SearchTravRetLoadFieldSelectorTask ; 2 ; 2 ; 0 ; 0 ; 0 ; 0 ; 0 ; 0 ; 0 ; 0 ; 
org::apache::lucene::benchmark::standard::ReutersQueries ; 0 ; 0 ; 0 ; 0 ; 0 ; 0 ; 0 ; 0 ; 0 ; 0 ; 
org::apache::lucene::queryParser::surround::parser::TokenMgrError ; 0 ; 0 ; 0 ; 0 ; 0 ; 0 ; 0 ; 0 ; 0 ; 0 ; 
org::apache::lucene::index::FormatPostingsDocsWriter ; 0 ; 0 ; 0 ; 0 ; 0 ; 0 ; 0 ; 0 ; 0 ; 0 ; 
org::apache::lucene::store::db::File ; 0 ; 0 ; 0 ; 0 ; 0 ; 0 ; 0 ; 0 ; 0 ; 0 ; 
org::apache::lucene::index::SegmentInfo ; 14 ; 14 ; 0 ; 0 ; 0 ; 1 ; 0 ; 0 ; 0 ; 0 ; 
org::apache::lucene::index::ReadOnlyMultiSegmentReader ; 1 ; 1 ; 0 ; 0 ; 0 ; 0 ; 0 ; 0 ; 0 ; 0 ; 
org::apache::lucene::index::StoredFieldsWriter ; 1 ; 1 ; 0 ; 0 ; 0 ; 1 ; 0 ; 0 ; 0 ; 0 ; 
org::apache::lucene::xmlparser::CorePlusExtensionsParser ; 0 ; 0 ; 0 ; 0 ; 0 ; 0 ; 0 ; 0 ; 0 ; 0 ; 
org::apache::lucene::index::RawPostingList ; 1 ; 1 ; 0 ; 0 ; 0 ; 0 ; 0 ; 0 ; 0 ; 0 ; 
org::apache::lucene::benchmark::byTask::tasks::ReadTask ; 3 ; 3 ; 0 ; 0 ; 0 ; 1 ; 0 ; 0 ; 0 ; 0 ; 
org::apache::lucene::benchmark::byTask::feeds::SimpleDocMaker ; 3 ; 3 ; 0 ; 0 ; 0 ; 0 ; 0 ; 0 ; 0 ; 0 ; 
org::apache::lucene::store::NIOFSDirectory ; 1 ; 1 ; 0 ; 0 ; 0 ; 2 ; 0 ; 0 ; 0 ; 0 ; 
org::apache::lucene::index::FreqProxTermsWriterPerField ; 2 ; 2 ; 0 ; 0 ; 0 ; 0 ; 0 ; 0 ; 0 ; 0 ; 
org::apache::lucene::demo::IndexHTML ; 1 ; 1 ; 0 ; 0 ; 0 ; 0 ; 0 ; 0 ; 0 ; 0 ; 
org::apache::lucene::analysis::nl::DutchStemFilter ; 0 ; 0 ; 0 ; 0 ; 0 ; 0 ; 0 ; 0 ; 0 ; 0 ; 
org::apache::lucene::index::IndexFileDeleter ; 20 ; 20 ; 0 ; 0 ; 0 ; 3 ; 0 ; 0 ; 0 ; 0 ; 
org::tartarus::snowball::ext::KpStemmer ; 1 ; 1 ; 0 ; 0 ; 0 ; 0 ; 0 ; 0 ; 0 ; 0 ; 
lucli::Lucli ; 0 ; 0 ; 0 ; 0 ; 0 ; 0 ; 0 ; 0 ; 0 ; 0 ; 
org::apache::lucene::analysis::ar::ArabicStemmer ; 0 ; 0 ; 0 ; 0 ; 0 ; 0 ; 0 ; 0 ; 0 ; 0 ; 
org::apache::lucene::index::DocFieldProcessorPerField ; 1 ; 1 ; 0 ; 0 ; 0 ; 0 ; 0 ; 0 ; 0 ; 0 ; 
org::apache::lucene::analysis::LetterTokenizer ; 0 ; 0 ; 0 ; 0 ; 0 ; 0 ; 0 ; 0 ; 0 ; 0 ; 
org::apache::lucene::queryParser::surround::query::SimpleTerm ; 1 ; 1 ; 0 ; 0 ; 0 ; 0 ; 0 ; 0 ; 0 ; 0 ; 
org::apache::lucene::search::SortComparator ; 1 ; 1 ; 0 ; 0 ; 0 ; 0 ; 0 ; 0 ; 0 ; 0 ; 
org::apache::lucene::analysis::th::ThaiWordFilter ; 3 ; 3 ; 0 ; 0 ; 0 ; 0 ; 0 ; 0 ; 0 ; 0 ; 
org::apache::lucene::index::CompoundFileReader ; 4 ; 4 ; 0 ; 0 ; 0 ; 0 ; 0 ; 0 ; 0 ; 0 ; 
org::apache::lucene::store::RAMDirectory ; 19 ; 19 ; 0 ; 0 ; 0 ; 3 ; 0 ; 0 ; 0 ; 0 ; 
org::apache::lucene::index::memory::AnalyzerUtil ; 2 ; 2 ; 0 ; 0 ; 0 ; 0 ; 0 ; 0 ; 0 ; 0 ; 
org::apache::lucene::analysis::br::BrazilianStemFilter ; 0 ; 0 ; 0 ; 0 ; 0 ; 0 ; 0 ; 0 ; 0 ; 0 ; 
org::apache::lucene::index::CorruptIndexException ; 1 ; 1 ; 0 ; 0 ; 0 ; 0 ; 0 ; 0 ; 0 ; 0 ; 
org::apache::lucene::search::QueryTermVector ; 1 ; 1 ; 0 ; 0 ; 0 ; 0 ; 0 ; 0 ; 0 ; 0 ; 
org::apache::lucene::store::SimpleFSLockFactory ; 7 ; 7 ; 0 ; 0 ; 0 ; 0 ; 0 ; 0 ; 0 ; 0 ; 
org::apache::lucene::demo::html::Entities ; 1 ; 1 ; 0 ; 0 ; 0 ; 0 ; 0 ; 0 ; 0 ; 0 ; 
org::apache::lucene::benchmark::byTask::tasks::OpenReaderTask ; 1 ; 1 ; 0 ; 0 ; 0 ; 0 ; 0 ; 0 ; 0 ; 0 ; 
org::apache::lucene::benchmark::byTask::PerfRunData ; 8 ; 8 ; 0 ; 0 ; 0 ; 0 ; 0 ; 0 ; 0 ; 0 ; 
org::apache::lucene::search::RangeFilter ; 4 ; 4 ; 0 ; 0 ; 0 ; 0 ; 0 ; 0 ; 0 ; 0 ; 
org::apache::lucene::index::ByteBlockPool ; 3 ; 3 ; 0 ; 0 ; 0 ; 0 ; 0 ; 0 ; 0 ; 0 ; 
org::apache::lucene::analysis::CharArraySet ; 4 ; 4 ; 0 ; 0 ; 0 ; 1 ; 0 ; 0 ; 0 ; 0 ; 
org::apache::lucene::index::NormsWriterPerThread ; 1 ; 1 ; 0 ; 0 ; 0 ; 0 ; 0 ; 0 ; 0 ; 0 ; 
org::apache::lucene::index::DocFieldProcessor ; 1 ; 1 ; 0 ; 0 ; 0 ; 0 ; 0 ; 0 ; 0 ; 0 ; 
org::apache::lucene::xmlparser::builders::SpanQueryBuilderFactory ; 1 ; 1 ; 0 ; 0 ; 0 ; 0 ; 0 ; 0 ; 0 ; 0 ; 
org::apache::lucene::index::TermsHashPerField ; 2 ; 2 ; 0 ; 0 ; 0 ; 0 ; 0 ; 0 ; 0 ; 0 ; 
org::apache::lucene::search::ConjunctionScorer ; 2 ; 2 ; 0 ; 0 ; 0 ; 0 ; 0 ; 0 ; 0 ; 0 ; 
org::apache::lucene::index::FormatPostingsFieldsConsumer ; 0 ; 0 ; 0 ; 0 ; 0 ; 0 ; 0 ; 0 ; 0 ; 0 ; 
org::apache::lucene::search::MultiPhraseQuery ; 6 ; 6 ; 0 ; 0 ; 0 ; 1 ; 0 ; 0 ; 0 ; 0 ; 
org::apache::lucene::index::FieldNormModifier ; 3 ; 3 ; 0 ; 0 ; 0 ; 0 ; 0 ; 0 ; 0 ; 0 ; 
org::apache::lucene::analysis::nl::WordlistLoader ; 0 ; 0 ; 0 ; 0 ; 0 ; 0 ; 0 ; 0 ; 0 ; 0 ; 
org::apache::lucene::util::BitUtil ; 1 ; 1 ; 0 ; 0 ; 0 ; 0 ; 0 ; 0 ; 0 ; 0 ; 
org::apache::lucene::analysis::miscellaneous::SingleTokenTokenStream ; 2 ; 2 ; 0 ; 0 ; 0 ; 0 ; 0 ; 0 ; 0 ; 0 ; 
org::apache::lucene::search::spell::LevensteinDistance ; 1 ; 1 ; 0 ; 0 ; 0 ; 1 ; 0 ; 0 ; 0 ; 0 ; 
org::apache::lucene::analysis::miscellaneous::EmptyTokenStream ; 2 ; 2 ; 0 ; 0 ; 0 ; 0 ; 0 ; 0 ; 0 ; 0 ; 
org::apache::lucene::util::ToStringUtils ; 1 ; 1 ; 0 ; 0 ; 0 ; 0 ; 0 ; 0 ; 0 ; 0 ; 
org::apache::lucene::index::FreqProxFieldMergeState ; 2 ; 2 ; 0 ; 0 ; 0 ; 0 ; 0 ; 0 ; 0 ; 0 ; 
org::apache::lucene::store::instantiated::InstantiatedTermDocumentInformation ; 1 ; 1 ; 0 ; 0 ; 0 ; 0 ; 0 ; 0 ; 0 ; 0 ; 
org::apache::lucene::analysis::WhitespaceAnalyzer ; 1 ; 1 ; 0 ; 0 ; 0 ; 0 ; 0 ; 0 ; 0 ; 0 ; 
org::apache::lucene::search::SpanQueryFilter ; 2 ; 2 ; 0 ; 0 ; 0 ; 0 ; 0 ; 0 ; 0 ; 0 ; 
org::apache::lucene::store::instantiated::FieldSettings ; 1 ; 1 ; 0 ; 0 ; 0 ; 1 ; 0 ; 0 ; 0 ; 0 ; 
org::apache::lucene::index::MultipleTermPositions ; 3 ; 3 ; 0 ; 0 ; 0 ; 0 ; 0 ; 0 ; 0 ; 0 ; 
org::apache::lucene::analysis::compound::HyphenationCompoundWordTokenFilter ; 1 ; 1 ; 0 ; 0 ; 0 ; 0 ; 0 ; 0 ; 0 ; 0 ; 
org::apache::lucene::demo::html::HTMLParserTokenManager ; 1 ; 1 ; 0 ; 0 ; 0 ; 0 ; 0 ; 0 ; 0 ; 0 ; 
org::apache::lucene::benchmark::byTask::utils::FileUtils ; 0 ; 0 ; 0 ; 0 ; 0 ; 0 ; 0 ; 0 ; 0 ; 0 ; 
org::apache::lucene::index::DocFieldConsumersPerField ; 1 ; 1 ; 0 ; 0 ; 0 ; 0 ; 0 ; 0 ; 0 ; 0 ; 
org::apache::lucene::search::BooleanScorer2 ; 5 ; 5 ; 0 ; 0 ; 0 ; 0 ; 0 ; 0 ; 0 ; 0 ; 
org::apache::lucene::benchmark::byTask::tasks::SearchTravRetTask ; 1 ; 1 ; 0 ; 0 ; 0 ; 0 ; 0 ; 0 ; 0 ; 0 ; 
org::apache::lucene::index::NormsWriter ; 1 ; 1 ; 0 ; 0 ; 0 ; 0 ; 0 ; 0 ; 0 ; 0 ; 
org::apache::lucene::benchmark::byTask::stats::Report ; 1 ; 1 ; 0 ; 0 ; 0 ; 0 ; 0 ; 0 ; 0 ; 0 ; 
com::sleepycat::db::DbHandleExtractor ; 0 ; 0 ; 0 ; 0 ; 0 ; 0 ; 0 ; 0 ; 0 ; 0 ; 
org::apache::lucene::index::DirectoryIndexReader ; 9 ; 9 ; 0 ; 0 ; 0 ; 4 ; 0 ; 0 ; 0 ; 0 ; 
org::apache::lucene::search::function::FloatFieldSource ; 3 ; 3 ; 0 ; 0 ; 0 ; 0 ; 0 ; 0 ; 0 ; 0 ; 
org::apache::lucene::search::Hit ; 3 ; 3 ; 0 ; 0 ; 0 ; 0 ; 0 ; 0 ; 0 ; 0 ; 
org::apache::lucene::index::ByteSliceReader ; 2 ; 2 ; 0 ; 0 ; 0 ; 0 ; 0 ; 0 ; 0 ; 0 ; 
org::apache::lucene::analysis::fr::ElisionFilter ; 3 ; 3 ; 0 ; 0 ; 0 ; 0 ; 0 ; 0 ; 0 ; 0 ; 
org::apache::lucene::benchmark::quality::QualityQuery ; 1 ; 1 ; 0 ; 0 ; 0 ; 0 ; 0 ; 0 ; 0 ; 0 ; 
org::apache::lucene::search::DuplicateFilter ; 2 ; 2 ; 0 ; 0 ; 0 ; 0 ; 0 ; 0 ; 0 ; 0 ; 
org::apache::lucene::index::TermVectorAccessor ; 1 ; 1 ; 0 ; 0 ; 0 ; 0 ; 0 ; 0 ; 0 ; 0 ; 
org::apache::lucene::index::IndexWriter ; 81 ; 81 ; 0 ; 0 ; 0 ; 9 ; 0 ; 0 ; 0 ; 0 ; 
org::apache::lucene::demo::IndexFiles ; 1 ; 1 ; 0 ; 0 ; 0 ; 0 ; 0 ; 0 ; 0 ; 0 ; 
org::apache::lucene::search::highlight::DefaultEncoder ; 1 ; 1 ; 0 ; 0 ; 0 ; 0 ; 0 ; 0 ; 0 ; 0 ; 
org::apache::lucene::analysis::ISOLatin1AccentFilter ; 0 ; 0 ; 0 ; 0 ; 0 ; 0 ; 0 ; 0 ; 0 ; 0 ; 
org::apache::lucene::search::highlight::WeightedSpanTermExtractor ; 5 ; 5 ; 0 ; 0 ; 0 ; 0 ; 0 ; 0 ; 0 ; 0 ; 
org::apache::lucene::util::OpenBitSetDISI ; 1 ; 1 ; 0 ; 0 ; 0 ; 0 ; 0 ; 0 ; 0 ; 0 ; 
org::apache::lucene::queryParser::surround::parser::ParseException ; 0 ; 0 ; 0 ; 0 ; 0 ; 0 ; 0 ; 0 ; 0 ; 0 ; 
org::apache::lucene::analysis::shingle::ShingleMatrixFilter ; 2 ; 2 ; 0 ; 0 ; 0 ; 0 ; 0 ; 0 ; 0 ; 0 ; 
org::apache::regexp::RegexpTunnel ; 0 ; 0 ; 0 ; 0 ; 0 ; 0 ; 0 ; 0 ; 0 ; 0 ; 
org::apache::lucene::index::memory::SynonymMap ; 1 ; 1 ; 0 ; 0 ; 0 ; 0 ; 0 ; 0 ; 0 ; 0 ; 
org::apache::lucene::search::spell::SuggestWordQueue ; 0 ; 0 ; 0 ; 0 ; 0 ; 0 ; 0 ; 0 ; 0 ; 0 ; 
org::apache::lucene::xmlparser::builders::TermQueryBuilder ; 1 ; 1 ; 0 ; 0 ; 0 ; 0 ; 0 ; 0 ; 0 ; 0 ; 
org::apache::lucene::benchmark::utils::ExtractWikipedia ; 3 ; 3 ; 0 ; 0 ; 0 ; 0 ; 0 ; 0 ; 0 ; 0 ; 
org::tartarus::snowball::ext::ItalianStemmer ; 1 ; 1 ; 0 ; 0 ; 0 ; 0 ; 0 ; 0 ; 0 ; 0 ; 
org::apache::lucene::analysis::query::QueryAutoStopWordAnalyzer ; 2 ; 2 ; 0 ; 0 ; 0 ; 0 ; 0 ; 0 ; 0 ; 0 ; 
org::tartarus::snowball::ext::SwedishStemmer ; 1 ; 1 ; 0 ; 0 ; 0 ; 0 ; 0 ; 0 ; 0 ; 0 ; 
org::apache::lucene::ant::IndexTask ; 0 ; 0 ; 0 ; 0 ; 0 ; 0 ; 0 ; 0 ; 0 ; 0 ; 
org::apache::lucene::index::SegmentInfos ; 21 ; 21 ; 0 ; 0 ; 0 ; 4 ; 0 ; 0 ; 0 ; 0 ; 
org::apache::lucene::search::ParallelMultiSearcher ; 2 ; 2 ; 0 ; 0 ; 0 ; 1 ; 0 ; 0 ; 0 ; 0 ; 
org::apache::lucene::benchmark::byTask::tasks::CloseReaderTask ; 1 ; 1 ; 0 ; 0 ; 0 ; 0 ; 0 ; 0 ; 0 ; 0 ; 
org::apache::lucene::index::SegmentTermDocs ; 3 ; 3 ; 0 ; 0 ; 0 ; 0 ; 0 ; 0 ; 0 ; 0 ; 
org::apache::lucene::queryParser::MultiFieldQueryParser ; 6 ; 6 ; 0 ; 0 ; 0 ; 0 ; 0 ; 0 ; 0 ; 0 ; 
org::apache::lucene::benchmark::AbstractBenchmarker ; 0 ; 0 ; 0 ; 0 ; 0 ; 0 ; 0 ; 0 ; 0 ; 0 ; 
org::apache::lucene::queryParser::precedence::FastCharStream ; 0 ; 0 ; 0 ; 0 ; 0 ; 0 ; 0 ; 0 ; 0 ; 0 ; 
org::apache::lucene::search::MultiTermQuery ; 1 ; 1 ; 0 ; 0 ; 0 ; 0 ; 0 ; 0 ; 0 ; 0 ; 
org::apache::lucene::store::instantiated::InstantiatedIndexWriter ; 3 ; 3 ; 0 ; 0 ; 0 ; 1 ; 0 ; 0 ; 0 ; 0 ; 
org::apache::lucene::search::BooleanClause ; 1 ; 1 ; 0 ; 0 ; 0 ; 0 ; 0 ; 0 ; 0 ; 0 ; 
org::apache::lucene::search::QueryFilter ; 2 ; 2 ; 0 ; 0 ; 0 ; 0 ; 0 ; 0 ; 0 ; 0 ; 
org::apache::lucene::analysis::Tokenizer ; 4 ; 4 ; 0 ; 0 ; 0 ; 0 ; 0 ; 0 ; 0 ; 0 ; 
org::apache::lucene::store::RAMFile ; 4 ; 4 ; 0 ; 0 ; 0 ; 0 ; 0 ; 0 ; 0 ; 0 ; 
org::apache::lucene::benchmark::byTask::feeds::ReutersDocMaker ; 7 ; 7 ; 0 ; 0 ; 0 ; 0 ; 0 ; 0 ; 0 ; 0 ; 
org::apache::lucene::search::spell::SpellChecker ; 0 ; 0 ; 0 ; 0 ; 0 ; 0 ; 0 ; 0 ; 0 ; 0 ; 
org::apache::lucene::benchmark::stats::TimeData ; 1 ; 1 ; 0 ; 0 ; 0 ; 0 ; 0 ; 0 ; 0 ; 0 ; 
org::apache::lucene::search::payloads::PayloadSpanUtil ; 2 ; 2 ; 0 ; 0 ; 0 ; 0 ; 0 ; 0 ; 0 ; 0 ; 
org::apache::lucene::search::spans::SpanQueue ; 0 ; 0 ; 0 ; 0 ; 0 ; 0 ; 0 ; 0 ; 0 ; 0 ; 
org::apache::lucene::index::memory::MemoryIndex ; 6 ; 6 ; 0 ; 0 ; 0 ; 1 ; 0 ; 0 ; 0 ; 0 ; 
org::apache::lucene::store::instantiated::InstantiatedDocument ; 1 ; 1 ; 0 ; 0 ; 0 ; 0 ; 0 ; 0 ; 0 ; 0 ; 
org::apache::lucene::search::Sort ; 3 ; 3 ; 0 ; 0 ; 0 ; 1 ; 0 ; 0 ; 0 ; 0 ; 
org::apache::lucene::index::Payload ; 5 ; 5 ; 0 ; 0 ; 0 ; 0 ; 0 ; 0 ; 0 ; 0 ; 
org::apache::lucene::benchmark::byTask::tasks::SearchTravTask ; 1 ; 1 ; 0 ; 0 ; 0 ; 0 ; 0 ; 0 ; 0 ; 0 ; 
org::apache::lucene::analysis::compound::hyphenation::TernaryTree ; 1 ; 1 ; 0 ; 0 ; 0 ; 0 ; 0 ; 0 ; 0 ; 0 ; 
org::apache::lucene::analysis::ru::RussianAnalyzer ; 0 ; 0 ; 0 ; 0 ; 0 ; 0 ; 0 ; 0 ; 0 ; 0 ; 
org::apache::lucene::analysis::LowerCaseTokenizer ; 0 ; 0 ; 0 ; 0 ; 0 ; 0 ; 0 ; 0 ; 0 ; 0 ; 
org::apache::lucene::search::highlight::QueryTermExtractor ; 0 ; 0 ; 0 ; 0 ; 0 ; 0 ; 0 ; 0 ; 0 ; 0 ; 
org::tartarus::snowball::ext::HungarianStemmer ; 1 ; 1 ; 0 ; 0 ; 0 ; 0 ; 0 ; 0 ; 0 ; 0 ; 
org::apache::lucene::search::highlight::SimpleHTMLEncoder ; 1 ; 1 ; 0 ; 0 ; 0 ; 0 ; 0 ; 0 ; 0 ; 0 ; 
org::apache::lucene::search::PrefixQuery ; 2 ; 2 ; 0 ; 0 ; 0 ; 0 ; 0 ; 0 ; 0 ; 0 ; 
org::apache::lucene::analysis::standard::StandardAnalyzer ; 6 ; 6 ; 0 ; 0 ; 0 ; 0 ; 0 ; 0 ; 0 ; 0 ; 
org::apache::lucene::document::FieldSelectorResult ; 2 ; 2 ; 0 ; 0 ; 0 ; 0 ; 0 ; 0 ; 0 ; 0 ; 
org::apache::lucene::search::TopFieldDocs ; 2 ; 2 ; 0 ; 0 ; 0 ; 0 ; 0 ; 0 ; 0 ; 0 ; 
org::apache::lucene::index::BufferedDeletes ; 1 ; 1 ; 0 ; 0 ; 0 ; 0 ; 0 ; 0 ; 0 ; 0 ; 
org::apache::lucene::index::IntBlockPool ; 1 ; 1 ; 0 ; 0 ; 0 ; 0 ; 0 ; 0 ; 0 ; 0 ; 
org::apache::lucene::analysis::ar::ArabicLetterTokenizer ; 0 ; 0 ; 0 ; 0 ; 0 ; 0 ; 0 ; 0 ; 0 ; 0 ; 
org::apache::lucene::search::SampleComparable ; 0 ; 0 ; 0 ; 0 ; 0 ; 0 ; 0 ; 0 ; 0 ; 0 ; 
org::apache::lucene::search::Searcher ; 6 ; 6 ; 0 ; 0 ; 0 ; 0 ; 0 ; 0 ; 0 ; 0 ; 
org::apache::lucene::index::InvertedDocEndConsumerPerThread ; 1 ; 1 ; 0 ; 0 ; 0 ; 0 ; 0 ; 0 ; 0 ; 0 ; 
org::apache::lucene::analysis::LengthFilter ; 0 ; 0 ; 0 ; 0 ; 0 ; 0 ; 0 ; 0 ; 0 ; 0 ; 
org::apache::lucene::search::PhraseQueue ; 2 ; 2 ; 0 ; 0 ; 0 ; 0 ; 0 ; 0 ; 0 ; 0 ; 
org::apache::lucene::index::GCJTermDocs ; 0 ; 0 ; 0 ; 0 ; 0 ; 0 ; 0 ; 0 ; 0 ; 0 ; 
org::apache::lucene::search::regex::JakartaRegexpCapabilities ; 0 ; 0 ; 0 ; 0 ; 0 ; 0 ; 0 ; 0 ; 0 ; 0 ; 
org::apache::lucene::xmlparser::DOMUtils ; 1 ; 1 ; 0 ; 0 ; 0 ; 0 ; 0 ; 0 ; 0 ; 0 ; 
org::apache::lucene::util::cache::SimpleMapCache ; 1 ; 1 ; 0 ; 0 ; 0 ; 0 ; 0 ; 0 ; 0 ; 0 ; 
org::apache::lucene::analysis::de::GermanAnalyzer ; 0 ; 0 ; 0 ; 0 ; 0 ; 0 ; 0 ; 0 ; 0 ; 0 ; 
org::apache::lucene::xmlparser::FilterBuilderFactory ; 1 ; 1 ; 0 ; 0 ; 0 ; 0 ; 0 ; 0 ; 0 ; 0 ; 
org::apache::lucene::benchmark::byTask::tasks::RepSumByNameRoundTask ; 1 ; 1 ; 0 ; 0 ; 0 ; 0 ; 0 ; 0 ; 0 ; 0 ; 
org::apache::lucene::benchmark::byTask::tasks::RepSumByPrefRoundTask ; 1 ; 1 ; 0 ; 0 ; 0 ; 0 ; 0 ; 0 ; 0 ; 0 ; 
org::apache::lucene::index::DefaultSkipListWriter ; 2 ; 2 ; 0 ; 0 ; 0 ; 0 ; 0 ; 0 ; 0 ; 0 ; 
org::apache::lucene::index::SegmentMergeQueue ; 0 ; 0 ; 0 ; 0 ; 0 ; 0 ; 0 ; 0 ; 0 ; 0 ; 
org::apache::lucene::search::highlight::WeightedSpanTerm ; 1 ; 1 ; 0 ; 0 ; 0 ; 0 ; 0 ; 0 ; 0 ; 0 ; 
org::apache::lucene::index::TermsHash ; 2 ; 2 ; 0 ; 0 ; 0 ; 0 ; 0 ; 0 ; 0 ; 0 ; 
org::apache::lucene::benchmark::byTask::feeds::SortableSimpleDocMaker ; 1 ; 1 ; 0 ; 0 ; 0 ; 0 ; 0 ; 0 ; 0 ; 0 ; 
org::apache::lucene::analysis::KeywordAnalyzer ; 0 ; 0 ; 0 ; 0 ; 0 ; 0 ; 0 ; 0 ; 0 ; 0 ; 
org::apache::lucene::xmlparser::builders::CachedFilterBuilder ; 2 ; 2 ; 0 ; 0 ; 0 ; 0 ; 0 ; 0 ; 0 ; 0 ; 
org::apache::lucene::search::highlight::TextFragment ; 0 ; 0 ; 0 ; 0 ; 0 ; 0 ; 0 ; 0 ; 0 ; 0 ; 
org::apache::lucene::benchmark::byTask::stats::TaskStats ; 1 ; 1 ; 0 ; 0 ; 0 ; 0 ; 0 ; 0 ; 0 ; 0 ; 
org::apache::lucene::search::ScoreDoc ; 0 ; 0 ; 0 ; 0 ; 0 ; 0 ; 0 ; 0 ; 0 ; 0 ; 
org::apache::lucene::search::ReqExclScorer ; 0 ; 0 ; 0 ; 0 ; 0 ; 0 ; 0 ; 0 ; 0 ; 0 ; 
org::apache::lucene::queryParser::precedence::Token ; 0 ; 0 ; 0 ; 0 ; 0 ; 0 ; 0 ; 0 ; 0 ; 0 ; 
org::apache::lucene::index::TermInfosWriter ; 5 ; 5 ; 0 ; 0 ; 0 ; 0 ; 0 ; 0 ; 0 ; 0 ; 
org::apache::lucene::search::function::ReverseOrdFieldSource ; 3 ; 3 ; 0 ; 0 ; 0 ; 0 ; 0 ; 0 ; 0 ; 0 ; 
org::apache::lucene::benchmark::byTask::tasks::CreateIndexTask ; 8 ; 8 ; 0 ; 0 ; 0 ; 0 ; 0 ; 0 ; 0 ; 0 ; 
org::apache::lucene::search::highlight::NullFragmenter ; 0 ; 0 ; 0 ; 0 ; 0 ; 0 ; 0 ; 0 ; 0 ; 0 ; 
org::apache::lucene::benchmark::byTask::tasks::ClearStatsTask ; 1 ; 1 ; 0 ; 0 ; 0 ; 0 ; 0 ; 0 ; 0 ; 0 ; 
org::apache::lucene::queryParser::QueryParserTokenManager ; 9 ; 9 ; 0 ; 0 ; 0 ; 0 ; 0 ; 0 ; 0 ; 0 ; 
org::apache::lucene::analysis::ru::RussianCharsets ; 0 ; 0 ; 0 ; 0 ; 0 ; 0 ; 0 ; 0 ; 0 ; 0 ; 
org::apache::lucene::search::highlight::WeightedTerm ; 0 ; 0 ; 0 ; 0 ; 0 ; 0 ; 0 ; 0 ; 0 ; 0 ; 
org::apache::lucene::queryParser::QueryParser ; 18 ; 18 ; 0 ; 0 ; 0 ; 1 ; 0 ; 0 ; 0 ; 0 ; 
org::apache::lucene::store::RAMOutputStream ; 11 ; 11 ; 0 ; 0 ; 0 ; 0 ; 0 ; 0 ; 0 ; 0 ; 
org::apache::lucene::store::RAMInputStream ; 7 ; 7 ; 0 ; 0 ; 0 ; 0 ; 0 ; 0 ; 0 ; 0 ; 
org::apache::lucene::search::PhrasePositions ; 2 ; 2 ; 0 ; 0 ; 0 ; 0 ; 0 ; 0 ; 0 ; 0 ; 
org::apache::lucene::analysis::miscellaneous::PrefixAndSuffixAwareTokenFilter ; 2 ; 2 ; 0 ; 0 ; 0 ; 0 ; 0 ; 0 ; 0 ; 0 ; 
org::apache::lucene::analysis::br::BrazilianStemmer ; 0 ; 0 ; 0 ; 0 ; 0 ; 0 ; 0 ; 0 ; 0 ; 0 ; 
org::apache::lucene::search::SloppyPhraseScorer ; 3 ; 3 ; 0 ; 0 ; 0 ; 0 ; 0 ; 0 ; 0 ; 0 ; 
org::apache::lucene::benchmark::quality::QualityStats ; 2 ; 2 ; 0 ; 0 ; 0 ; 0 ; 0 ; 0 ; 0 ; 0 ; 
org::apache::lucene::index::DocFieldConsumers ; 1 ; 1 ; 0 ; 0 ; 0 ; 0 ; 0 ; 0 ; 0 ; 0 ; 
org::apache::lucene::index::SegmentTermPositionVector ; 1 ; 1 ; 0 ; 0 ; 0 ; 0 ; 0 ; 0 ; 0 ; 0 ; 
org::apache::lucene::store::je::JEIndexInput ; 1 ; 1 ; 0 ; 0 ; 0 ; 0 ; 0 ; 0 ; 0 ; 0 ; 
org::apache::lucene::search::CachingSpanFilter ; 2 ; 2 ; 0 ; 0 ; 0 ; 0 ; 0 ; 0 ; 0 ; 0 ; 
