classname ; CvsEntropy ; CvsWEntropy ; CvsLinEntropy ; CvsLogEntropy ; CvsExpEntropy ; 
org::apache::lucene::search::spans::SpanOrQuery ; 10.4552 ; 0.0654643 ; 0.0459837 ; 0.312237 ; 0.102246 ; 
org::apache::lucene::index::DocumentsWriter ; 13.9297 ; 1.5636 ; 0.121367 ; 3.64623 ; 0.318946 ; 
org::apache::lucene::document::Document ; 9.3931 ; 0.127039 ; 0.0877331 ; 0.400665 ; 0.210511 ; 
org::apache::lucene::search::highlight::SimpleSpanFragmenter ; 2.46341 ; 0.00545206 ; 0.0399775 ; 0.135853 ; 0.132707 ; 
org::apache::lucene::ant::FileExtensionDocumentHandler ; 0 ; 0 ; 0 ; 0 ; 0 ; 
org::apache::lucene::analysis::Token ; 16.4641 ; 0.612773 ; 0.0871962 ; 0.542911 ; 0.230256 ; 
org::apache::lucene::search::FieldDoc ; 4.24084 ; 0.00884444 ; 0.0566766 ; 0.217954 ; 0.10808 ; 
org::tartarus::snowball::ext::DanishStemmer ; 1.35264 ; 8.32763e-4 ; 0.0350566 ; 0.101164 ; 0.0995792 ; 
org::apache::lucene::search::SortField ; 6.60956 ; 0.0283922 ; 0.0719954 ; 0.30796 ; 0.153127 ; 
org::apache::lucene::document::AbstractField ; 5.34192 ; 0.126545 ; 0.103812 ; 0.341011 ; 0.279462 ; 
org::apache::lucene::benchmark::byTask::utils::Config ; 7.7902 ; 0.171935 ; 0.0220847 ; 0.218167 ; 0.0274878 ; 
org::apache::lucene::benchmark::quality::utils::DocNameExtractor ; 1.17486 ; 9.65682e-4 ; 0.00361796 ; 0.0337529 ; 0.00505055 ; 
org::apache::lucene::analysis::cjk::CJKAnalyzer ; 0 ; 0 ; 0 ; 0 ; 0 ; 
org::apache::lucene::search::HitIterator ; 5.50819 ; 0.0336513 ; 0.0687709 ; 0.271872 ; 0.157142 ; 
org::apache::lucene::misc::HighFreqTerms ; 0 ; 0 ; 0 ; 0 ; 0 ; 
org::apache::lucene::index::FormatPostingsDocsConsumer ; 0 ; 0 ; 0 ; 0 ; 0 ; 
org::apache::lucene::search::IndexSearcher ; 11.5269 ; 0.350981 ; 0.0842299 ; 3.50814 ; 0.113609 ; 
org::apache::lucene::store::db::DbIndexOutput ; 2.56045 ; 0.00833997 ; 0.00309243 ; 0.0579449 ; 8.74499e-5 ; 
org::apache::lucene::search::highlight::TokenGroup ; 0 ; 0 ; 0 ; 0 ; 0 ; 
org::apache::lucene::index::MergeDocIDRemapper ; 0.871061 ; 0.00164027 ; 0.00523142 ; 0.0309637 ; 0.0182075 ; 
org::apache::lucene::benchmark::byTask::tasks::RepSelectByPrefTask ; 3.28866 ; 0.0163189 ; 0.00774168 ; 0.0876976 ; 0.00527147 ; 
org::apache::lucene::analysis::PorterStemFilter ; 4.2341 ; 0.0216663 ; 0.0385326 ; 0.170244 ; 0.106043 ; 
org::apache::lucene::search::PhraseScorer ; 2.6029 ; 0.026718 ; 0.0057418 ; 0.0681672 ; 0.00340696 ; 
org::apache::lucene::analysis::WordlistLoader ; 7.75655 ; 0.206158 ; 0.013608 ; 0.190306 ; 0.0072202 ; 
org::apache::lucene::analysis::CharTokenizer ; 5.46076 ; 0.0423946 ; 0.0445186 ; 0.210853 ; 0.12351 ; 
org::apache::lucene::benchmark::byTask::tasks::ResetSystemEraseTask ; 4.08464 ; 0.017208 ; 0.0105405 ; 0.111471 ; 0.0103927 ; 
org::apache::lucene::queryParser::surround::query::ComposedQuery ; 3.9126 ; 0.0091715 ; 0.0563791 ; 0.210955 ; 0.108084 ; 
org::apache::lucene::xmlparser::builders::SpanBuilderBase ; 2.42975 ; 0.0199393 ; 0.0044811 ; 0.0606869 ; 0.00162176 ; 
org::apache::lucene::store::Directory ; 11.9647 ; 0.189867 ; 0.119783 ; 3.59951 ; 0.218627 ; 
org::apache::lucene::xmlparser::builders::DuplicateFilterBuilder ; 2.24283 ; 0.00352988 ; 0.0555838 ; 0.176221 ; 0.114048 ; 
org::apache::lucene::xmlparser::builders::BooleanQueryBuilder ; 7.59491 ; 0.0717043 ; 0.0627134 ; 0.301601 ; 0.109454 ; 
org::apache::lucene::index::DocInverterPerField ; 2.2048 ; 0.00530609 ; 0.0438039 ; 0.136638 ; 0.145088 ; 
org::apache::lucene::analysis::el::GreekLowerCaseFilter ; 4.01034 ; 0.0133112 ; 0.0849614 ; 0.270262 ; 0.206211 ; 
org::apache::lucene::index::ReadOnlySegmentReader ; 1.35264 ; 8.32763e-4 ; 0.0350566 ; 0.101164 ; 0.0995792 ; 
org::apache::lucene::search::spans::SpanNotQuery ; 8.83948 ; 0.267342 ; 0.0428683 ; 0.271437 ; 0.101025 ; 
org::apache::lucene::benchmark::byTask::tasks::RepSumByNameTask ; 3.28866 ; 0.0170226 ; 0.00774168 ; 0.0876976 ; 0.00527147 ; 
org::apache::lucene::index::InvertedDocEndConsumer ; 0.792859 ; 5.1848e-4 ; 0.0122672 ; 0.0424562 ; 0.0457934 ; 
org::apache::lucene::search::highlight::SpanGradientFormatter ; 4.04759 ; 0.0130581 ; 0.00827961 ; 0.102943 ; 0.00675749 ; 
org::apache::lucene::xmlparser::CoreParser ; 7.67536 ; 0.0494495 ; 0.0676022 ; 0.316053 ; 0.13114 ; 
org::apache::lucene::analysis::compound::hyphenation::HyphenationException ; 1.18716 ; 0.00167713 ; 0.0103756 ; 0.0486875 ; 0.0417474 ; 
org::apache::lucene::xmlparser::builders::FilteredQueryBuilder ; 3.81153 ; 0.0207318 ; 0.0566197 ; 0.210002 ; 0.108541 ; 
org::apache::lucene::benchmark::stats::MemUsage ; 2.88097 ; 0.00120628 ; 0.0551741 ; 0.187772 ; 0.108062 ; 
org::apache::lucene::index::ParallelReader ; 19.4885 ; 0.70161 ; 0.0716809 ; 0.563933 ; 0.140551 ; 
org::apache::lucene::store::ChecksumIndexInput ; 1.12713 ; 0.00181519 ; 0.00645093 ; 0.0393921 ; 0.0217025 ; 
org::apache::lucene::analysis::compound::DictionaryCompoundWordTokenFilter ; 1.18716 ; 0.00167713 ; 0.0103756 ; 0.0486875 ; 0.0417474 ; 
org::apache::lucene::store::SingleInstanceLockFactory ; 4.99485 ; 0.0137035 ; 0.0132794 ; 0.136452 ; 0.0185345 ; 
org::apache::lucene::analysis::ar::ArabicNormalizationFilter ; 0 ; 0 ; 0 ; 0 ; 0 ; 
org::apache::lucene::analysis::StopAnalyzer ; 6.50047 ; 0.0635998 ; 0.0116065 ; 0.159885 ; 0.00705316 ; 
org::apache::lucene::analysis::PerFieldAnalyzerWrapper ; 6.08433 ; 0.0968814 ; 0.0113622 ; 0.151484 ; 0.00717911 ; 
org::apache::lucene::index::IndexReader ; 31.8654 ; 1.82971 ; 0.166162 ; 1.03245 ; 0.362861 ; 
org::apache::lucene::wordnet::SynLookup ; 0.740259 ; 0.0094905 ; 7.55367e-4 ; 0.016145 ; 4.53657e-6 ; 
org::apache::lucene::queryParser::surround::parser::QueryParserTokenManager ; 1.03163 ; 0.0042698 ; 0.00120501 ; 0.023183 ; 2.18418e-5 ; 
org::apache::lucene::analysis::ngram::EdgeNGramTokenFilter ; 3.46561 ; 0.0139708 ; 0.0389238 ; 0.155112 ; 0.115967 ; 
org::apache::lucene::search::ExtendedFieldCacheImpl ; 4.85875 ; 0.0677033 ; 0.105557 ; 3.41697 ; 0.21549 ; 
org::apache::lucene::benchmark::byTask::tasks::NewRoundTask ; 3.28866 ; 0.013807 ; 0.00774168 ; 0.0876976 ; 0.00527147 ; 
org::apache::lucene::benchmark::byTask::stats::Points ; 3.28866 ; 0.0605032 ; 0.00774168 ; 0.0876976 ; 0.00527147 ; 
org::apache::lucene::analysis::miscellaneous::PrefixAwareTokenFilter ; 2.35699 ; 0.026903 ; 0.0440601 ; 0.140911 ; 0.148302 ; 
org::apache::lucene::queryParser::Token ; 1.23854 ; 0.0331713 ; 0.0519223 ; 0.145898 ; 0.106899 ; 
org::apache::lucene::store::Lock ; 9.15338 ; 0.0710578 ; 0.0208316 ; 0.239519 ; 0.0219847 ; 
org::apache::lucene::index::FreqProxTermsWriter ; 1.54522 ; 0.0346251 ; 0.0273145 ; 0.0891453 ; 0.0962259 ; 
org::apache::lucene::analysis::compound::hyphenation::Hyphen ; 1.18716 ; 0.00167713 ; 0.0103756 ; 0.0486875 ; 0.0417474 ; 
org::apache::lucene::index::InvertedDocConsumerPerThread ; 0.792859 ; 5.1848e-4 ; 0.0122672 ; 0.0424562 ; 0.0457934 ; 
org::apache::lucene::analysis::Analyzer ; 7.3729 ; 0.0854729 ; 0.0176392 ; 0.194196 ; 0.0254562 ; 
org::apache::lucene::xmlparser::builders::LikeThisQueryBuilder ; 7.36559 ; 0.138294 ; 0.0933122 ; 0.361464 ; 0.212374 ; 
org::apache::lucene::xmlparser::builders::RangeFilterBuilder ; 3.66829 ; 0.0219196 ; 0.0564034 ; 0.206585 ; 0.108521 ; 
org::tartarus::snowball::ext::LovinsStemmer ; 1.35264 ; 8.32763e-4 ; 0.0350566 ; 0.101164 ; 0.0995792 ; 
org::apache::lucene::util::UnicodeUtil ; 0.907447 ; 0.00157841 ; 0.00633487 ; 0.0340785 ; 0.0239308 ; 
org::apache::lucene::document::NumberTools ; 2.83909 ; 0.00755549 ; 0.00795341 ; 0.0788386 ; 0.011542 ; 
org::apache::lucene::search::ExactPhraseScorer ; 2.6029 ; 0.0168352 ; 0.0057418 ; 0.0681672 ; 0.00340696 ; 
org::apache::lucene::store::FSDirectory ; 27.817 ; 1.41357 ; 0.146834 ; 0.914975 ; 0.314159 ; 
org::apache::lucene::ant::TextDocument ; 0 ; 0 ; 0 ; 0 ; 0 ; 
org::apache::lucene::xmlparser::builders::SpanNotBuilder ; 2.99495 ; 0.0431902 ; 0.00530023 ; 0.0740352 ; 0.00168471 ; 
org::apache::lucene::store::instantiated::InstantiatedIndexReader ; 2.62836 ; 0.142628 ; 0.0658346 ; 0.206049 ; 0.160434 ; 
org::tartarus::snowball::ext::PortugueseStemmer ; 1.35264 ; 8.32763e-4 ; 0.0350566 ; 0.101164 ; 0.0995792 ; 
org::apache::lucene::util::CloseableThreadLocal ; 1.23854 ; 0.010397 ; 0.0519223 ; 0.145898 ; 0.106899 ; 
org::apache::lucene::index::FormatPostingsTermsWriter ; 0 ; 0 ; 0 ; 0 ; 0 ; 
org::apache::lucene::index::MergeScheduler ; 3.38172 ; 0.0124765 ; 0.0152197 ; 0.108803 ; 0.0408162 ; 
org::apache::lucene::index::TermInfo ; 1.64243 ; 0.00391152 ; 0.00325183 ; 0.0418737 ; 0.00116335 ; 
org::apache::lucene::search::ComplexExplanation ; 5.15836 ; 0.0132306 ; 0.0217915 ; 0.158272 ; 0.0603891 ; 
org::apache::lucene::search::DocIdSetIterator ; 1.17515 ; 6.69115e-4 ; 0.00634538 ; 0.0402517 ; 0.0203787 ; 
org::apache::lucene::store::db::DbDirectory ; 1.43177 ; 0.0129918 ; 0.00146826 ; 0.0312605 ; 9.22005e-6 ; 
org::apache::lucene::search::CheckHits ; 1.45008 ; 0.00310247 ; 0.00214814 ; 0.0344245 ; 1.8773e-4 ; 
org::apache::lucene::index::Term ; 7.01764 ; 0.0477485 ; 0.0418079 ; 0.233481 ; 0.103884 ; 
org::apache::lucene::demo::SearchFiles ; 7.70696 ; 0.0988963 ; 0.0235861 ; 0.212649 ; 0.0547781 ; 
org::apache::lucene::demo::html::ParseException ; 2.76873 ; 0.00606085 ; 0.037311 ; 0.137154 ; 0.113602 ; 
org::apache::lucene::queryParser::surround::query::NotQuery ; 2.67407 ; 0.00818132 ; 0.00445684 ; 0.0650567 ; 0.00118519 ; 
org::tartarus::snowball::Among ; 1.35264 ; 8.32763e-4 ; 0.0350566 ; 0.101164 ; 0.0995792 ; 
org::apache::lucene::search::NonMatchingScorer ; 3.0742 ; 0.0169033 ; 0.00472009 ; 0.0731342 ; 0.00117257 ; 
org::apache::lucene::index::TermVectorsTermsWriterPerThread ; 0.792859 ; 5.1848e-4 ; 0.0122672 ; 0.0424562 ; 0.0457934 ; 
org::apache::lucene::search::Explanation ; 4.70913 ; 0.0533872 ; 0.0118167 ; 0.126392 ; 0.0158854 ; 
org::apache::lucene::index::TermVectorsWriter ; 7.52307 ; 0.123177 ; 0.0284878 ; 0.226735 ; 0.069843 ; 
org::apache::lucene::search::spans::NearSpansOrdered ; 3.71322 ; 0.0223112 ; 0.0360555 ; 0.152729 ; 0.10086 ; 
org::apache::lucene::util::BitVector ; 5.74394 ; 0.0918801 ; 0.019391 ; 0.166227 ; 0.0419916 ; 
org::apache::lucene::search::regex::RegexTermEnum ; 1.3633 ; 0.00348653 ; 0.0017908 ; 0.0314662 ; 7.47148e-5 ; 
org::apache::lucene::search::BoostingQuery ; 5.06437 ; 0.0329868 ; 0.0117325 ; 0.134047 ; 0.00916186 ; 
org::apache::lucene::analysis::ngram::NGramTokenizer ; 4.74253 ; 0.0496714 ; 0.0881842 ; 0.29526 ; 0.209 ; 
org::apache::lucene::queryParser::ParseException ; 4.00726 ; 0.00804122 ; 0.0892333 ; 0.283052 ; 0.220501 ; 
org::apache::lucene::benchmark::byTask::feeds::NoMoreDataException ; 1.48053 ; 2.80668e-4 ; 0.00365544 ; 0.0399966 ; 0.00285194 ; 
org::apache::lucene::demo::html::HTMLParser ; 6.53022 ; 0.0788933 ; 0.0426173 ; 0.225197 ; 0.114191 ; 
org::apache::lucene::queryParser::surround::query::BasicQueryFactory ; 2.67407 ; 0.00818132 ; 0.00445684 ; 0.0650567 ; 0.00118519 ; 
org::apache::lucene::analysis::br::BrazilianAnalyzer ; 0 ; 0 ; 0 ; 0 ; 0 ; 
org::apache::lucene::search::Similarity ; 12.5926 ; 0.433618 ; 0.0302525 ; 0.334176 ; 0.0355882 ; 
org::apache::lucene::search::highlight::SimpleFragmenter ; 0 ; 0 ; 0 ; 0 ; 0 ; 
org::apache::lucene::index::SegmentTermVector ; 2.88097 ; 0.0053968 ; 0.0551741 ; 0.187772 ; 0.108062 ; 
org::apache::lucene::benchmark::Constants ; 1.64243 ; 7.11186e-4 ; 0.00325183 ; 0.0418737 ; 0.00116335 ; 
org::apache::lucene::benchmark::byTask::tasks::WarmTask ; 3.28866 ; 0.0191707 ; 0.00774168 ; 0.0876976 ; 0.00527147 ; 
org::apache::lucene::index::DefaultSkipListReader ; 2.55842 ; 0.0486157 ; 0.0156888 ; 0.0899649 ; 0.053001 ; 
org::apache::lucene::analysis::el::GreekAnalyzer ; 2.5984 ; 0.00740838 ; 0.0534247 ; 0.17608 ; 0.106916 ; 
org::apache::lucene::xmlparser::builders::SpanOrBuilder ; 2.42975 ; 0.0199393 ; 0.0044811 ; 0.0606869 ; 0.00162176 ; 
org::apache::lucene::search::function::CustomScoreQuery ; 6.48196 ; 0.155219 ; 0.0523836 ; 0.252522 ; 0.150075 ; 
org::apache::lucene::index::SortedTermVectorMapper ; 1.17486 ; 9.65682e-4 ; 0.00361796 ; 0.0337529 ; 0.00505055 ; 
org::apache::lucene::analysis::sinks::TokenTypeSinkTokenizer ; 2.76004 ; 0.0020987 ; 0.0375323 ; 0.137482 ; 0.115025 ; 
org::apache::lucene::search::spans::SpanWeight ; 6.7985 ; 0.058815 ; 0.0121093 ; 0.168035 ; 0.00451784 ; 
org::apache::lucene::search::FuzzyTermEnum ; 1.64243 ; 0.00391152 ; 0.00325183 ; 0.0418737 ; 0.00116335 ; 
org::apache::lucene::search::function::ShortFieldSource ; 2.69823 ; 0.00544118 ; 0.00980001 ; 0.0811239 ; 0.0200228 ; 
org::apache::lucene::search::payloads::BoostingTermQuery ; 8.28731 ; 0.0780494 ; 0.0362422 ; 0.261043 ; 0.0944933 ; 
org::apache::lucene::search::highlight::TokenSources ; 6.46103 ; 0.0597259 ; 0.0948869 ; 0.346366 ; 0.229954 ; 
org::apache::lucene::demo::html::ParserThread ; 1.64243 ; 0.00391152 ; 0.00325183 ; 0.0418737 ; 0.00116335 ; 
org::tartarus::snowball::ext::EnglishStemmer ; 1.35264 ; 8.32763e-4 ; 0.0350566 ; 0.101164 ; 0.0995792 ; 
org::apache::lucene::index::TermVectorEntry ; 1.17486 ; 9.65682e-4 ; 0.00361796 ; 0.0337529 ; 0.00505055 ; 
org::apache::lucene::LucenePackage ; 2.52013 ; 0.00852783 ; 0.00418069 ; 0.0611694 ; 0.00117101 ; 
org::apache::lucene::index::FieldSortedTermVectorMapper ; 1.17486 ; 9.65682e-4 ; 0.00361796 ; 0.0337529 ; 0.00505055 ; 
org::apache::lucene::store::BufferedIndexInput ; 7.86104 ; 0.165435 ; 0.0576741 ; 0.29089 ; 0.13975 ; 
org::apache::lucene::index::FieldInfos ; 11.3053 ; 0.179749 ; 0.0485387 ; 0.342745 ; 0.111945 ; 
org::apache::lucene::index::TermInfosReader ; 11.8687 ; 0.381633 ; 0.0913715 ; 0.46058 ; 0.204893 ; 
org::apache::lucene::swing::models::RestaurantInfo ; 2.55041 ; 0.0106646 ; 0.0533105 ; 0.174739 ; 0.10691 ; 
org::apache::lucene::benchmark::byTask::tasks::TaskSequence ; 8.77321 ; 0.148371 ; 0.0275235 ; 0.25187 ; 0.0466191 ; 
org::apache::lucene::index::FreqProxTermsWriterPerThread ; 0.792859 ; 5.1848e-4 ; 0.0122672 ; 0.0424562 ; 0.0457934 ; 
org::apache::lucene::index::DocInverter ; 0.792859 ; 5.1848e-4 ; 0.0122672 ; 0.0424562 ; 0.0457934 ; 
org::apache::lucene::util::SortedVIntList ; 1.17515 ; 6.69115e-4 ; 0.00634538 ; 0.0402517 ; 0.0203787 ; 
org::apache::lucene::analysis::cn::ChineseAnalyzer ; 0 ; 0 ; 0 ; 0 ; 0 ; 
org::apache::lucene::store::je::JEDirectory ; 4.83343 ; 0.0152834 ; 0.0591792 ; 0.237672 ; 0.110802 ; 
org::apache::lucene::search::highlight::GradientFormatter ; 0.740259 ; 0.0284715 ; 7.55367e-4 ; 0.016145 ; 4.53657e-6 ; 
org::apache::lucene::wordnet::Syns2Index ; 0.740259 ; 0.018981 ; 7.55367e-4 ; 0.016145 ; 4.53657e-6 ; 
org::apache::lucene::index::MergePolicy ; 5.84867 ; 0.0546801 ; 0.0269325 ; 0.189716 ; 0.074024 ; 
org::apache::lucene::search::QueryUtils ; 10.3357 ; 0.47489 ; 0.0769022 ; 0.396811 ; 0.142307 ; 
org::apache::lucene::index::memory::SynonymTokenFilter ; 6.53653 ; 0.0619658 ; 0.090004 ; 0.335068 ; 0.207675 ; 
org::apache::lucene::search::DisjunctionSumScorer ; 6.61495 ; 0.186243 ; 0.010607 ; 0.159497 ; 0.00226626 ; 
org::apache::lucene::store::NativeFSLockFactory ; 8.56136 ; 0.335887 ; 0.0222024 ; 0.233121 ; 0.0260645 ; 
org::apache::lucene::queryParser::surround::query::SpanNearClauseFactory ; 3.99248 ; 0.0387692 ; 0.0064383 ; 0.096463 ; 0.0013732 ; 
org::apache::lucene::search::spell::PlainTextDictionary ; 0 ; 0 ; 0 ; 0 ; 0 ; 
org::apache::lucene::store::BufferedIndexOutput ; 6.09962 ; 0.0701341 ; 0.0127713 ; 0.157212 ; 0.00759033 ; 
org::apache::lucene::document::MapFieldSelector ; 4.88853 ; 0.030974 ; 0.0603946 ; 0.242608 ; 0.113451 ; 
org::apache::lucene::search::MockFilter ; 1.45008 ; 0.00310247 ; 0.00214814 ; 0.0344245 ; 1.8773e-4 ; 
org::apache::lucene::store::instantiated::InstantiatedIndex ; 2.62836 ; 0.0747738 ; 0.0658346 ; 0.206049 ; 0.160434 ; 
org::apache::lucene::index::FieldReaderException ; 3.46402 ; 0.0420774 ; 0.0168468 ; 0.111014 ; 0.0522199 ; 
org::apache::lucene::store::LockFactory ; 6.48779 ; 0.0345617 ; 0.0146122 ; 0.17039 ; 0.0113508 ; 
org::apache::lucene::benchmark::quality::trec::QueryDriver ; 2.3444 ; 0.00589857 ; 0.0102046 ; 0.0747136 ; 0.0262005 ; 
org::apache::lucene::index::TermsHashConsumerPerField ; 1.54522 ; 6.01081e-4 ; 0.0273145 ; 0.0891453 ; 0.0962259 ; 
org::apache::lucene::xmlparser::builders::TermsQueryBuilder ; 5.06827 ; 0.0272382 ; 0.0881505 ; 0.30133 ; 0.207983 ; 
org::apache::lucene::search::spans::TermSpans ; 2.89247 ; 0.00666415 ; 0.0351921 ; 0.134178 ; 0.102147 ; 
org::apache::lucene::demo::html::TokenMgrError ; 2.76873 ; 0.00207117 ; 0.037311 ; 0.137154 ; 0.113602 ; 
org::apache::lucene::search::TopDocs ; 4.17568 ; 0.0338708 ; 0.0108385 ; 0.112667 ; 0.0169694 ; 
org::apache::lucene::benchmark::quality::trec::TrecJudge ; 1.17486 ; 9.65682e-4 ; 0.00361796 ; 0.0337529 ; 0.00505055 ; 
org::apache::lucene::demo::html::SimpleCharStream ; 4.36338 ; 0.0468221 ; 0.0366038 ; 0.166707 ; 0.100452 ; 
org::apache::lucene::index::TermsHashConsumerPerThread ; 0.792859 ; 5.1848e-4 ; 0.0122672 ; 0.0424562 ; 0.0457934 ; 
org::apache::lucene::index::FormatPostingsPositionsConsumer ; 0 ; 0 ; 0 ; 0 ; 0 ; 
org::apache::lucene::queryParser::surround::parser::QueryParser ; 1.03163 ; 0.0042698 ; 0.00120501 ; 0.023183 ; 2.18418e-5 ; 
org::apache::lucene::store::instantiated::InstantiatedTermPositions ; 0.60098 ; 3.8181e-4 ; 0.00388466 ; 0.0219358 ; 0.0141336 ; 
org::apache::lucene::analysis::el::GreekCharsets ; 2.5984 ; 0.00493292 ; 0.0534247 ; 0.17608 ; 0.106916 ; 
org::apache::lucene::benchmark::stats::QueryData ; 2.88097 ; 0.00120628 ; 0.0551741 ; 0.187772 ; 0.108062 ; 
org::apache::lucene::benchmark::byTask::feeds::FileBasedQueryMaker ; 2.62755 ; 0.00140593 ; 0.00712044 ; 0.0727472 ; 0.00758919 ; 
org::tartarus::snowball::ext::FinnishStemmer ; 1.35264 ; 8.32763e-4 ; 0.0350566 ; 0.101164 ; 0.0995792 ; 
org::apache::lucene::search::highlight::SpanScorer ; 3.70195 ; 0.010403 ; 0.0918998 ; 0.281751 ; 0.239606 ; 
org::apache::lucene::search::regex::RegexQuery ; 1.39276 ; 0.00403302 ; 0.00181929 ; 0.032105 ; 7.29382e-5 ; 
org::apache::lucene::document::Field ; 16.2091 ; 0.427376 ; 0.111507 ; 0.585738 ; 0.232305 ; 
org::tartarus::snowball::ext::TurkishStemmer ; 1.35264 ; 8.32763e-4 ; 0.0350566 ; 0.101164 ; 0.0995792 ; 
org::apache::lucene::analysis::WhitespaceTokenizer ; 1.64243 ; 0.00391152 ; 0.00325183 ; 0.0418737 ; 0.00116335 ; 
org::apache::lucene::demo::DeleteFiles ; 4.92899 ; 0.0119391 ; 0.0090143 ; 0.122947 ; 0.0029026 ; 
org::apache::lucene::xmlparser::builders::FuzzyLikeThisQueryBuilder ; 2.42975 ; 0.0199393 ; 0.0044811 ; 0.0606869 ; 0.00162176 ; 
org::apache::lucene::index::InvertedDocConsumerPerField ; 0.792859 ; 5.1848e-4 ; 0.0122672 ; 0.0424562 ; 0.0457934 ; 
org::apache::lucene::index::SegmentMergeInfo ; 3.2211 ; 0.0508607 ; 0.00528871 ; 0.078161 ; 0.00123854 ; 
org::apache::lucene::search::FuzzyLikeThisQuery ; 7.57455 ; 0.0765668 ; 0.124305 ; 3.51032 ; 0.243378 ; 
org::apache::lucene::index::FieldInvertState ; 0 ; 0 ; 0 ; 0 ; 0 ; 
org::apache::lucene::index::DocFieldConsumersPerThread ; 0.792859 ; 5.1848e-4 ; 0.0122672 ; 0.0424562 ; 0.0457934 ; 
org::apache::lucene::store::GCJIndexInput ; 2.88097 ; 0.00440662 ; 0.0551741 ; 0.187772 ; 0.108062 ; 
org::apache::lucene::store::MMapDirectory ; 5.27595 ; 0.0274984 ; 0.0107263 ; 0.134671 ; 0.00713072 ; 
org::apache::lucene::store::instantiated::InstantiatedTermEnum ; 1.70353 ; 0.00334037 ; 0.0452834 ; 3.21225 ; 0.0849066 ; 
org::apache::lucene::wordnet::SynExpand ; 0.740259 ; 0.0094905 ; 7.55367e-4 ; 0.016145 ; 4.53657e-6 ; 
org::apache::lucene::xmlparser::builders::MatchAllDocsQueryBuilder ; 2.58969 ; 0.0217965 ; 0.00477666 ; 0.0647073 ; 0.00167658 ; 
org::apache::lucene::benchmark::quality::utils::QualityQueriesFinder ; 1.17486 ; 9.65682e-4 ; 0.00361796 ; 0.0337529 ; 0.00505055 ; 
org::apache::lucene::benchmark::byTask::tasks::WriteLineDocTask ; 1.74444 ; 0.00337235 ; 0.0054553 ; 0.0503378 ; 0.00788631 ; 
org::apache::lucene::store::LockObtainFailedException ; 1.09884 ; 0.00126433 ; 0.00252752 ; 0.0291281 ; 0.00157239 ; 
org::apache::lucene::search::WildcardQuery ; 3.23668 ; 0.0262769 ; 0.00471624 ; 0.0761413 ; 9.49908e-4 ; 
org::apache::lucene::search::TimeLimitedCollector ; 1.72811 ; 0.00945138 ; 0.0103356 ; 0.0613279 ; 0.0358361 ; 
org::apache::lucene::benchmark::byTask::feeds::ReutersQueryMaker ; 4.46352 ; 0.0390323 ; 0.0113596 ; 0.12145 ; 0.010322 ; 
org::apache::lucene::xmlparser::builders::TermsFilterBuilder ; 7.97841 ; 0.156578 ; 0.093454 ; 0.373535 ; 0.210734 ; 
org::apache::lucene::analysis::ar::ArabicNormalizer ; 0 ; 0 ; 0 ; 0 ; 0 ; 
org::apache::lucene::swing::models::TableSearcher ; 6.26048 ; 0.041144 ; 0.0585238 ; 0.261606 ; 0.107361 ; 
org::apache::lucene::ant::HtmlDocument ; 0 ; 0 ; 0 ; 0 ; 0 ; 
org::apache::lucene::search::WildcardTermEnum ; 3.2211 ; 0.0203438 ; 0.00528871 ; 0.078161 ; 0.00123854 ; 
org::apache::lucene::queryParser::surround::parser::FastCharStream ; 2.67407 ; 0.00818132 ; 0.00445684 ; 0.0650567 ; 0.00118519 ; 
org::apache::lucene::search::similar::MoreLikeThis ; 1.43177 ; 0.0129918 ; 0.00146826 ; 0.0312605 ; 9.22005e-6 ; 
org::apache::lucene::index::StoredFieldsWriterPerField ; 0.792859 ; 5.1848e-4 ; 0.0122672 ; 0.0424562 ; 0.0457934 ; 
org::apache::lucene::analysis::ru::RussianLowerCaseFilter ; 0 ; 0 ; 0 ; 0 ; 0 ; 
org::apache::lucene::benchmark::byTask::feeds::SimpleSloppyPhraseQueryMaker ; 4.63879 ; 0.0437266 ; 0.011546 ; 0.125521 ; 0.00956453 ; 
org::apache::lucene::index::IndexFileNameFilter ; 5.55317 ; 0.033377 ; 0.0600699 ; 0.254036 ; 0.110622 ; 
org::apache::lucene::analysis::payloads::TypeAsPayloadTokenFilter ; 2.76004 ; 0.00568941 ; 0.0375323 ; 0.137482 ; 0.115025 ; 
org::apache::lucene::search::DocIdSet ; 1.17515 ; 6.69115e-4 ; 0.00634538 ; 0.0402517 ; 0.0203787 ; 
org::apache::lucene::index::CharBlockPool ; 1.39384 ; 0.00401117 ; 0.0161519 ; 0.0643919 ; 0.059927 ; 
org::apache::lucene::index::IndexModifier ; 18.28 ; 0.435033 ; 0.0994431 ; 0.611578 ; 0.197629 ; 
org::tartarus::snowball::ext::SpanishStemmer ; 1.35264 ; 8.32763e-4 ; 0.0350566 ; 0.101164 ; 0.0995792 ; 
org::apache::lucene::analysis::snowball::SnowballAnalyzer ; 0 ; 0 ; 0 ; 0 ; 0 ; 
org::apache::lucene::index::IndexFileNames ; 9.29826 ; 0.0983306 ; 0.0706476 ; 0.358735 ; 0.124037 ; 
org::apache::lucene::misc::SweetSpotSimilarity ; 3.87029 ; 0.0169838 ; 0.00802606 ; 0.0996214 ; 0.00430382 ; 
org::apache::lucene::store::db::DbLock ; 1.43177 ; 0.0129918 ; 0.00146826 ; 0.0312605 ; 9.22005e-6 ; 
org::tartarus::snowball::ext::FrenchStemmer ; 1.35264 ; 8.32763e-4 ; 0.0350566 ; 0.101164 ; 0.0995792 ; 
org::apache::lucene::search::ConstantScoreQuery ; 11.1794 ; 0.312273 ; 0.0749912 ; 0.406381 ; 0.13632 ; 
org::apache::lucene::store::LockReleaseFailedException ; 1.33267 ; 0.0015355 ; 0.00544545 ; 0.0416711 ; 0.0127467 ; 
org::apache::lucene::analysis::de::GermanStemmer ; 0 ; 0 ; 0 ; 0 ; 0 ; 
org::apache::lucene::index::MultiReader ; 19.4587 ; 0.539004 ; 0.101951 ; 0.639779 ; 0.189407 ; 
org::apache::lucene::queryParser::surround::query::DistanceQuery ; 2.67407 ; 0.00818132 ; 0.00445684 ; 0.0650567 ; 0.00118519 ; 
org::apache::lucene::search::ConstantScoreRangeQuery ; 7.46875 ; 0.133534 ; 0.0637048 ; 0.301838 ; 0.11397 ; 
org::apache::lucene::analysis::TeeTokenFilter ; 4.01909 ; 0.0136504 ; 0.089419 ; 0.28374 ; 0.221425 ; 
org::apache::lucene::util::cache::Cache ; 1.26735 ; 0.00139584 ; 0.0120944 ; 0.0539188 ; 0.0490618 ; 
org::apache::lucene::search::TermsFilter ; 6.54006 ; 0.0654453 ; 0.106414 ; 3.45598 ; 0.207561 ; 
org::apache::lucene::store::IndexInput ; 4.67638 ; 0.0430511 ; 0.0145387 ; 0.132192 ; 0.0296045 ; 
org::apache::lucene::index::MockIndexInput ; 1.64243 ; 0.00391152 ; 0.00325183 ; 0.0418737 ; 0.00116335 ; 
org::apache::lucene::search::Collector ; 0 ; 0 ; 0 ; 0 ; 0 ; 
org::apache::lucene::queryParser::precedence::PrecedenceQueryParser ; 2.52248 ; 0.0552345 ; 0.00271246 ; 0.0556502 ; 2.57592e-5 ; 
org::apache::lucene::index::TermEnum ; 1.64243 ; 0.00391152 ; 0.00325183 ; 0.0418737 ; 0.00116335 ; 
org::apache::lucene::store::MockRAMInputStream ; 3.57285 ; 0.0271034 ; 0.0130631 ; 0.107049 ; 0.0287692 ; 
org::apache::lucene::wikipedia::analysis::WikipediaTokenizerImpl ; 3.50218 ; 0.318565 ; 0.0204668 ; 0.123094 ; 0.0692717 ; 
org::apache::lucene::util::OpenBitSetIterator ; 1.17515 ; 6.69115e-4 ; 0.00634538 ; 0.0402517 ; 0.0203787 ; 
org::apache::lucene::search::DefaultSimilarity ; 1.64243 ; 0.00391152 ; 0.00325183 ; 0.0418737 ; 0.00116335 ; 
org::apache::lucene::index::InvertedDocConsumer ; 0.792859 ; 5.1848e-4 ; 0.0122672 ; 0.0424562 ; 0.0457934 ; 
org::apache::lucene::analysis::ngram::NGramTokenFilter ; 4.10317 ; 0.00931366 ; 0.0869614 ; 0.279074 ; 0.208732 ; 
org::apache::lucene::search::MultiSearcher ; 10.1352 ; 0.344828 ; 0.0170192 ; 0.246347 ; 0.00643703 ; 
org::apache::lucene::queryParser::surround::query::SrndQuery ; 4.06683 ; 0.0283464 ; 0.00627614 ; 0.0971617 ; 0.00125813 ; 
org::apache::lucene::analysis::compound::hyphenation::HyphenationTree ; 1.18716 ; 0.00167713 ; 0.0103756 ; 0.0486875 ; 0.0417474 ; 
org::apache::lucene::index::StoredFieldsWriterPerThread ; 0.792859 ; 5.1848e-4 ; 0.0122672 ; 0.0424562 ; 0.0457934 ; 
org::apache::lucene::search::function::ByteFieldSource ; 2.69823 ; 0.00414041 ; 0.00980001 ; 0.0811239 ; 0.0200228 ; 
org::apache::lucene::queryParser::surround::query::OrQuery ; 2.67407 ; 0.00818132 ; 0.00445684 ; 0.0650567 ; 0.00118519 ; 
org::apache::lucene::search::SpanFilterResult ; 2.35 ; 0.00932962 ; 0.00996333 ; 0.0740046 ; 0.0254293 ; 
org::apache::lucene::analysis::ar::ArabicStemFilter ; 0 ; 0 ; 0 ; 0 ; 0 ; 
org::apache::lucene::index::LogByteSizeMergePolicy ; 1.91372 ; 0.0360644 ; 0.00701735 ; 0.0578775 ; 0.0138548 ; 
org::apache::lucene::util::ArrayUtil ; 2.2048 ; 0.00969473 ; 0.0438039 ; 0.136638 ; 0.145088 ; 
org::apache::lucene::queryParser::surround::query::SrndPrefixQuery ; 4.06683 ; 0.0122143 ; 0.00627614 ; 0.0971617 ; 0.00125813 ; 
org::apache::lucene::index::LogMergePolicy ; 5.94911 ; 0.118996 ; 0.0281536 ; 0.194325 ; 0.079638 ; 
org::apache::lucene::queryParser::analyzing::AnalyzingQueryParser ; 7.34144 ; 0.0485354 ; 0.0965588 ; 0.36946 ; 0.227756 ; 
org::apache::lucene::search::spans::SpanFirstQuery ; 7.83578 ; 0.196659 ; 0.0412861 ; 0.247252 ; 0.10083 ; 
org::apache::lucene::index::GCJSegmentReader ; 1.64243 ; 0.00391152 ; 0.00325183 ; 0.0418737 ; 0.00116335 ; 
org::apache::lucene::benchmark::byTask::tasks::AddDocTask ; 5.6765 ; 0.0415052 ; 0.0148701 ; 0.155688 ; 0.0145571 ; 
org::apache::lucene::index::TermVectorsReader ; 17.9349 ; 0.492822 ; 0.0944703 ; 0.591047 ; 0.254187 ; 
org::apache::lucene::benchmark::byTask::tasks::ReportTask ; 3.28866 ; 0.0279689 ; 0.00774168 ; 0.0876976 ; 0.00527147 ; 
org::apache::lucene::search::RemoteSearchable ; 7.96475 ; 0.106482 ; 0.0132445 ; 0.193443 ; 0.00417724 ; 
org::apache::lucene::swing::models::BaseListModel ; 2.55041 ; 0.0136351 ; 0.0533105 ; 0.174739 ; 0.10691 ; 
org::apache::lucene::index::ConcurrentMergeScheduler ; 10.9738 ; 0.24706 ; 0.144352 ; 3.63831 ; 0.320737 ; 
org::apache::lucene::document::SetBasedFieldSelector ; 2.29636 ; 0.0275083 ; 0.0137681 ; 0.0789014 ; 0.0493051 ; 
org::apache::lucene::analysis::de::GermanStemFilter ; 0 ; 0 ; 0 ; 0 ; 0 ; 
org::apache::lucene::xmlparser::builders::ConstantScoreQueryBuilder ; 2.99495 ; 0.0323951 ; 0.00530023 ; 0.0740352 ; 0.00168471 ; 
org::apache::lucene::index::SegmentMerger ; 28.939 ; 0.782803 ; 0.155437 ; 0.956831 ; 0.363135 ; 
org::apache::lucene::benchmark::utils::ExtractReuters ; 3.09513 ; 9.31311e-4 ; 0.00675431 ; 0.080868 ; 0.00370199 ; 
org::apache::lucene::util::PriorityQueue ; 2.94062 ; 0.0416879 ; 0.00928649 ; 0.0841712 ; 0.0178567 ; 
org::apache::lucene::benchmark::byTask::tasks::ResetInputsTask ; 2.58836 ; 0.0150411 ; 0.00607429 ; 0.0689624 ; 0.00411087 ; 
org::apache::lucene::index::TermVectorEntryFreqSortedComparator ; 1.17486 ; 9.65682e-4 ; 0.00361796 ; 0.0337529 ; 0.00505055 ; 
org::apache::lucene::index::LogDocMergePolicy ; 1.36109 ; 0.0170119 ; 0.00489185 ; 0.0409177 ; 0.00931852 ; 
org::apache::lucene::benchmark::quality::QualityBenchmark ; 2.40151 ; 0.0254453 ; 0.00960402 ; 0.0743622 ; 0.0225175 ; 
org::apache::lucene::search::function::ValueSource ; 3.87796 ; 0.00487477 ; 0.0135441 ; 0.115313 ; 0.0256072 ; 
org::apache::lucene::store::VerifyingLockFactory ; 2.33696 ; 0.00308502 ; 0.00910696 ; 0.0719939 ; 0.0198956 ; 
org::apache::lucene::index::TermsHashPerThread ; 1.54522 ; 0.00310807 ; 0.0273145 ; 0.0891453 ; 0.0962259 ; 
org::apache::lucene::index::ReusableStringReader ; 0.60098 ; 3.8181e-4 ; 0.00388466 ; 0.0219358 ; 0.0141336 ; 
org::tartarus::snowball::ext::NorwegianStemmer ; 1.35264 ; 8.32763e-4 ; 0.0350566 ; 0.101164 ; 0.0995792 ; 
org::apache::lucene::search::TopFieldDocCollector ; 6.14206 ; 0.0409547 ; 0.0486591 ; 0.23221 ; 0.116134 ; 
org::apache::lucene::analysis::sinks::DateRecognizerSinkTokenizer ; 2.76004 ; 0.00289664 ; 0.0375323 ; 0.137482 ; 0.115025 ; 
org::apache::lucene::xmlparser::QueryBuilderFactory ; 4.12294 ; 0.0205949 ; 0.0573708 ; 0.218393 ; 0.108978 ; 
org::apache::lucene::benchmark::byTask::feeds::EnwikiDocMaker ; 3.58153 ; 0.0523894 ; 0.0160755 ; 0.11505 ; 0.0434301 ; 
org::apache::lucene::search::DisjunctionMaxScorer ; 8.939 ; 0.43582 ; 0.0757326 ; 0.359523 ; 0.161567 ; 
org::apache::lucene::search::BooleanQuery ; 23.8003 ; 1.10022 ; 0.119711 ; 0.761933 ; 0.242231 ; 
org::apache::lucene::index::DocInverterPerThread ; 0.792859 ; 5.1848e-4 ; 0.0122672 ; 0.0424562 ; 0.0457934 ; 
org::apache::lucene::index::TermBuffer ; 2.54988 ; 0.0773077 ; 0.0095867 ; 0.0759522 ; 0.0250941 ; 
org::apache::lucene::util::DocIdBitSet ; 1.17515 ; 6.69115e-4 ; 0.00634538 ; 0.0402517 ; 0.0203787 ; 
org::apache::lucene::analysis::TokenFilter ; 8.08193 ; 0.0202412 ; 0.0567067 ; 0.290392 ; 0.157777 ; 
org::apache::lucene::analysis::cjk::CJKTokenizer ; 0 ; 0 ; 0 ; 0 ; 0 ; 
org::apache::lucene::search::Query ; 8.85763 ; 0.296282 ; 0.0121526 ; 0.205876 ; 0.00150294 ; 
org::apache::lucene::analysis::CachingTokenFilter ; 4.85274 ; 0.0507359 ; 0.0496314 ; 0.208631 ; 0.154835 ; 
org::apache::lucene::benchmark::byTask::tasks::SearchWithSortTask ; 1.23854 ; 9.90187e-4 ; 0.0519223 ; 0.145898 ; 0.106899 ; 
org::apache::lucene::benchmark::byTask::feeds::TrecDocMaker ; 7.61688 ; 0.130565 ; 0.0275865 ; 0.227585 ; 0.060062 ; 
org::apache::lucene::benchmark::quality::trec::Trec1MQReader ; 1.22665 ; 0.00108798 ; 0.00598607 ; 0.0406094 ; 0.0174669 ; 
org::apache::lucene::demo::HTMLDocument ; 4.65286 ; 0.0771399 ; 0.0571345 ; 0.2271 ; 0.108089 ; 
org::apache::lucene::util::Parameter ; 2.86786 ; 0.0194352 ; 0.00453553 ; 0.0687541 ; 0.00117304 ; 
org::apache::lucene::search::RemoteCachingWrapperFilter ; 3.6986 ; 0.0053998 ; 0.0615157 ; 0.221084 ; 0.129997 ; 
org::apache::lucene::swing::models::BaseTableModel ; 2.55041 ; 0.0146253 ; 0.0533105 ; 0.174739 ; 0.10691 ; 
lucli::LuceneMethods ; 1.43177 ; 0.0259836 ; 0.00146826 ; 0.0312605 ; 9.22005e-6 ; 
org::tartarus::snowball::SnowballProgram ; 1.35264 ; 8.32763e-4 ; 0.0350566 ; 0.101164 ; 0.0995792 ; 
org::apache::lucene::benchmark::byTask::tasks::RepAllTask ; 3.28866 ; 0.0163767 ; 0.00774168 ; 0.0876976 ; 0.00527147 ; 
org::apache::lucene::benchmark::byTask::feeds::DemoHTMLParser ; 2.69351 ; 0.0128559 ; 0.00716586 ; 0.074234 ; 0.00708705 ; 
org::apache::lucene::xmlparser::builders::SpanNearBuilder ; 2.99495 ; 0.0265824 ; 0.00530023 ; 0.0740352 ; 0.00168471 ; 
org::apache::lucene::index::SegmentTermPositions ; 8.72787 ; 0.0676164 ; 0.0431024 ; 0.280232 ; 0.10439 ; 
org::apache::lucene::analysis::ru::RussianStemmer ; 0 ; 0 ; 0 ; 0 ; 0 ; 
org::apache::lucene::benchmark::byTask::feeds::LineDocMaker ; 4.8362 ; 0.0461243 ; 0.0666614 ; 0.258121 ; 0.142609 ; 
org::apache::lucene::index::NormsWriterPerField ; 0.792859 ; 5.1848e-4 ; 0.0122672 ; 0.0424562 ; 0.0457934 ; 
org::apache::lucene::queryParser::precedence::PrecedenceQueryParserTokenManager ; 1.31187 ; 0.00868421 ; 0.00138824 ; 0.0288405 ; 1.14211e-5 ; 
org::apache::lucene::analysis::fr::FrenchAnalyzer ; 0 ; 0 ; 0 ; 0 ; 0 ; 
org::apache::lucene::search::ReqOptSumScorer ; 3.0742 ; 0.0169033 ; 0.00472009 ; 0.0731342 ; 0.00117257 ; 
org::apache::lucene::ant::DocumentHandlerException ; 0 ; 0 ; 0 ; 0 ; 0 ; 
org::apache::lucene::analysis::shingle::ShingleAnalyzerWrapper ; 2.08776 ; 0.0764708 ; 0.0172213 ; 0.083567 ; 0.067865 ; 
org::apache::lucene::queryParser::TokenMgrError ; 4.00726 ; 0.0164289 ; 0.0892333 ; 0.283052 ; 0.220501 ; 
org::apache::lucene::xmlparser::builders::SpanFirstBuilder ; 2.42975 ; 0.0199393 ; 0.0044811 ; 0.0606869 ; 0.00162176 ; 
org::apache::lucene::search::MatchAllDocsQuery ; 8.8814 ; 0.228413 ; 0.0638157 ; 0.329159 ; 0.108845 ; 
org::apache::lucene::xmlparser::ParserException ; 3.66829 ; 0.025941 ; 0.0564034 ; 0.206585 ; 0.108521 ; 
org::apache::lucene::benchmark::byTask::utils::Format ; 4.67365 ; 0.0619516 ; 0.0134567 ; 0.131351 ; 0.01787 ; 
org::tartarus::snowball::ext::PorterStemmer ; 1.35264 ; 8.32763e-4 ; 0.0350566 ; 0.101164 ; 0.0995792 ; 
org::apache::lucene::swing::models::DataStore ; 3.85212 ; 0.0148165 ; 0.0552128 ; 0.205541 ; 0.107064 ; 
org::apache::lucene::store::MockRAMDirectory ; 12.4762 ; 0.194189 ; 0.0519984 ; 0.387965 ; 0.134258 ; 
org::apache::lucene::search::HitQueue ; 1.64243 ; 0.00391152 ; 0.00325183 ; 0.0418737 ; 0.00116335 ; 
org::apache::lucene::misc::IndexMergeTool ; 4.01101 ; 0.254921 ; 0.0603641 ; 0.223297 ; 0.126469 ; 
org::apache::lucene::search::Filter ; 2.81758 ; 0.0142828 ; 0.00959721 ; 0.0821254 ; 0.0215421 ; 
org::apache::lucene::benchmark::byTask::tasks::OpenIndexTask ; 9.35438 ; 0.0573069 ; 0.0922037 ; 3.49127 ; 0.146405 ; 
org::apache::lucene::queryParser::surround::query::TooManyBasicQueries ; 2.67407 ; 0.00818132 ; 0.00445684 ; 0.0650567 ; 0.00118519 ; 
org::apache::lucene::benchmark::byTask::tasks::CloseIndexTask ; 4.52366 ; 0.0189962 ; 0.0140815 ; 0.12928 ; 0.0247287 ; 
org::apache::lucene::search::highlight::Highlighter ; 12.8567 ; 0.573647 ; 0.114258 ; 0.518075 ; 0.2776 ; 
org::apache::lucene::store::AlreadyClosedException ; 1.45269 ; 4.4025e-4 ; 0.00350248 ; 0.0389943 ; 0.00253864 ; 
org::apache::lucene::index::FilterIndexReader ; 12.1251 ; 0.0618058 ; 0.0261315 ; 0.313975 ; 0.020353 ; 
org::apache::lucene::index::SegmentWriteState ; 0 ; 0 ; 0 ; 0 ; 0 ; 
org::apache::lucene::search::FilteredQuery ; 12.5285 ; 0.14867 ; 0.0762108 ; 0.435486 ; 0.135382 ; 
org::apache::lucene::misc::ChainedFilter ; 0 ; 0 ; 0 ; 0 ; 0 ; 
org::apache::lucene::search::RemoteCachingWrapperFilterHelper ; 3.6986 ; 0.00272334 ; 0.0615157 ; 0.221084 ; 0.129997 ; 
org::apache::lucene::search::spell::LuceneDictionary ; 0 ; 0 ; 0 ; 0 ; 0 ; 
org::apache::lucene::search::payloads::PayloadHelper ; 2.65048 ; 0.0037685 ; 0.0834589 ; 0.24008 ; 0.206194 ; 
org::apache::lucene::util::ScorerDocQueue ; 2.86107 ; 0.00591041 ; 0.00557505 ; 0.0726462 ; 0.00187384 ; 
org::apache::lucene::index::StaleReaderException ; 1.09884 ; 0.00126433 ; 0.00252752 ; 0.0291281 ; 0.00157239 ; 
org::apache::lucene::analysis::cn::ChineseFilter ; 0 ; 0 ; 0 ; 0 ; 0 ; 
org::apache::lucene::index::TermVectorOffsetInfo ; 2.99256 ; 0.0436665 ; 0.00705617 ; 0.0796972 ; 0.00545641 ; 
org::apache::lucene::benchmark::byTask::Benchmark ; 5.56724 ; 0.053899 ; 0.0140133 ; 0.151014 ; 0.0124283 ; 
org::apache::lucene::analysis::standard::StandardTokenizerImpl ; 6.01329 ; 0.250767 ; 0.0607581 ; 0.260938 ; 0.172092 ; 
org::apache::lucene::document::DateField ; 4.07967 ; 0.026554 ; 0.00682189 ; 0.0995781 ; 0.00145655 ; 
org::apache::lucene::benchmark::byTask::programmatic::Sample ; 3.6872 ; 0.0346905 ; 0.00860181 ; 0.0980905 ; 0.00568326 ; 
org::apache::lucene::index::CheckIndex ; 10.8724 ; 0.532036 ; 0.149002 ; 3.64568 ; 0.352548 ; 
org::apache::lucene::index::FormatPostingsTermsConsumer ; 0 ; 0 ; 0 ; 0 ; 0 ; 
org::apache::lucene::benchmark::byTask::tasks::ReopenReaderTask ; 1.23854 ; 9.90187e-4 ; 0.0519223 ; 0.145898 ; 0.106899 ; 
org::apache::lucene::index::SegmentTermEnum ; 8.26464 ; 0.0367494 ; 0.0385824 ; 0.264742 ; 0.113436 ; 
org::apache::lucene::analysis::TokenStream ; 7.77801 ; 0.0701776 ; 0.0527829 ; 0.280119 ; 0.140061 ; 
org::apache::lucene::analysis::nl::DutchAnalyzer ; 0 ; 0 ; 0 ; 0 ; 0 ; 
org::apache::lucene::analysis::PorterStemmer ; 2.99922 ; 0.00773124 ; 0.00902615 ; 0.0848456 ; 0.0154708 ; 
org::apache::lucene::search::PrefixTermEnum ; 0 ; 0 ; 0 ; 0 ; 0 ; 
org::apache::lucene::store::je::JELock ; 3.81886 ; 0.0130551 ; 0.0564659 ; 0.209658 ; 0.108135 ; 
org::apache::lucene::queryParser::precedence::ParseException ; 1.31187 ; 0.00868421 ; 0.00138824 ; 0.0288405 ; 1.14211e-5 ; 
org::apache::lucene::search::TermQuery ; 7.5969 ; 0.0870623 ; 0.015019 ; 0.1906 ; 0.0158696 ; 
org::apache::lucene::search::spans::SpanTermQuery ; 10.4963 ; 0.103477 ; 0.0461827 ; 0.313174 ; 0.103685 ; 
org::apache::lucene::util::English ; 1.64243 ; 0.00391152 ; 0.00325183 ; 0.0418737 ; 0.00116335 ; 
org::apache::lucene::index::FieldsWriter ; 11.4058 ; 0.297725 ; 0.106372 ; 0.471706 ; 0.322137 ; 
org::apache::lucene::document::DateTools ; 4.70954 ; 0.462237 ; 0.0124595 ; 0.127247 ; 0.021855 ; 
org::apache::lucene::analysis::ar::ArabicAnalyzer ; 0 ; 0 ; 0 ; 0 ; 0 ; 
org::apache::lucene::benchmark::quality::trec::TrecTopicsReader ; 1.17486 ; 9.65682e-4 ; 0.00361796 ; 0.0337529 ; 0.00505055 ; 
org::apache::lucene::analysis::SinkTokenizer ; 5.30545 ; 0.0280864 ; 0.0952679 ; 0.325349 ; 0.237195 ; 
org::apache::lucene::search::FieldDocSortedHitQueue ; 8.32875 ; 0.319027 ; 0.0704974 ; 0.33686 ; 0.139153 ; 
org::apache::lucene::search::TermScorer ; 2.64198 ; 0.0281195 ; 0.00502175 ; 0.0666518 ; 0.00155324 ; 
org::apache::lucene::swing::models::TableSearcherSimulator ; 2.55041 ; 0.0106646 ; 0.0533105 ; 0.174739 ; 0.10691 ; 
org::apache::lucene::search::BooleanFilter ; 8.77244 ; 0.172816 ; 0.0807921 ; 0.371672 ; 0.177843 ; 
org::apache::lucene::index::DocConsumerPerThread ; 0.792859 ; 5.1848e-4 ; 0.0122672 ; 0.0424562 ; 0.0457934 ; 
org::apache::lucene::analysis::compound::hyphenation::ByteVector ; 1.18716 ; 0.00167713 ; 0.0103756 ; 0.0486875 ; 0.0417474 ; 
org::apache::lucene::analysis::payloads::PayloadHelper ; 1.29819 ; 0.00145294 ; 0.00603466 ; 0.0422975 ; 0.0166933 ; 
org::apache::lucene::search::DisjunctionMaxQuery ; 9.2521 ; 0.179805 ; 0.0970429 ; 0.410565 ; 0.24155 ; 
org::apache::lucene::analysis::th::ThaiAnalyzer ; 2.26754 ; 8.73984e-4 ; 0.0535961 ; 0.170881 ; 0.107142 ; 
org::apache::lucene::store::IndexOutput ; 7.66773 ; 0.0545415 ; 0.0281528 ; 0.229457 ; 0.0641037 ; 
org::apache::lucene::queryParser::surround::query::FieldsQuery ; 3.9126 ; 0.0111519 ; 0.0563791 ; 0.210955 ; 0.108084 ; 
org::apache::lucene::queryParser::surround::query::AndQuery ; 2.67407 ; 0.00818132 ; 0.00445684 ; 0.0650567 ; 0.00118519 ; 
org::apache::lucene::analysis::ru::RussianLetterTokenizer ; 0 ; 0 ; 0 ; 0 ; 0 ; 
org::apache::lucene::index::MultiLevelSkipListWriter ; 2.54818 ; 0.0628148 ; 0.0156063 ; 0.0895288 ; 0.052754 ; 
org::apache::lucene::search::function::IntFieldSource ; 3.87796 ; 0.00552515 ; 0.0135441 ; 0.115313 ; 0.0256072 ; 
org::apache::lucene::index::SerialMergeScheduler ; 2.69376 ; 0.00247675 ; 0.0103373 ; 0.0825889 ; 0.0220653 ; 
org::apache::lucene::analysis::standard::StandardFilter ; 4.2341 ; 0.0461104 ; 0.0385326 ; 0.170244 ; 0.106043 ; 
org::apache::lucene::benchmark::byTask::tasks::SearchTask ; 3.28866 ; 0.0174289 ; 0.00774168 ; 0.0876976 ; 0.00527147 ; 
org::apache::lucene::util::SmallFloat ; 4.48422 ; 0.0577354 ; 0.0666167 ; 0.245484 ; 0.156069 ; 
org::apache::lucene::store::je::JEIndexOutput ; 5.27155 ; 0.0137155 ; 0.0599683 ; 0.248653 ; 0.110674 ; 
org::apache::lucene::analysis::LowerCaseFilter ; 4.2341 ; 0.0208684 ; 0.0385326 ; 0.170244 ; 0.106043 ; 
org::apache::lucene::queryParser::surround::query::ExceptionQueryTst ; 2.74289 ; 0.0376558 ; 0.00562364 ; 0.0699285 ; 0.004366 ; 
org::apache::lucene::demo::html::Token ; 0 ; 0 ; 0 ; 0 ; 0 ; 
org::apache::lucene::store::db::DbIndexInput ; 2.56045 ; 0.00833997 ; 0.00309243 ; 0.0579449 ; 8.74499e-5 ; 
org::apache::lucene::benchmark::byTask::feeds::DocData ; 1.48053 ; 2.80668e-4 ; 0.00365544 ; 0.0399966 ; 0.00285194 ; 
org::apache::lucene::search::spans::SpanNearQuery ; 9.72561 ; 0.327863 ; 0.0439444 ; 0.291386 ; 0.101251 ; 
org::apache::lucene::queryParser::surround::parser::Token ; 1.03163 ; 0.0042698 ; 0.00120501 ; 0.023183 ; 2.18418e-5 ; 
org::apache::lucene::benchmark::byTask::tasks::PerfTask ; 5.70339 ; 0.0798064 ; 0.0178256 ; 0.163469 ; 0.0303132 ; 
org::apache::lucene::benchmark::byTask::feeds::BasicDocMaker ; 6.29405 ; 0.124537 ; 0.0672753 ; 0.289447 ; 0.131668 ; 
org::apache::lucene::search::regex::JavaUtilRegexCapabilities ; 4.11562 ; 0.0645639 ; 0.00674772 ; 0.0999354 ; 0.00140016 ; 
org::apache::lucene::search::SimilarityDelegator ; 4.30098 ; 0.0172787 ; 0.0113271 ; 0.11495 ; 0.0228795 ; 
org::apache::lucene::search::FuzzyQuery ; 7.22218 ; 0.0810278 ; 0.0147719 ; 0.182153 ; 0.0183529 ; 
org::apache::lucene::xmlparser::builders::BoostingQueryBuilder ; 2.99495 ; 0.0514942 ; 0.00530023 ; 0.0740352 ; 0.00168471 ; 
org::apache::lucene::search::SpanFilter ; 2.35 ; 0.0016348 ; 0.00996333 ; 0.0740046 ; 0.0254293 ; 
org::apache::lucene::store::instantiated::InstantiatedTermPositionVector ; 0.60098 ; 3.8181e-4 ; 0.00388466 ; 0.0219358 ; 0.0141336 ; 
org::apache::lucene::store::MockRAMOutputStream ; 6.71691 ; 0.0166888 ; 0.0240711 ; 0.199952 ; 0.0523294 ; 
org::apache::lucene::benchmark::byTask::tasks::ResetSystemSoftTask ; 4.08464 ; 0.0173194 ; 0.0105405 ; 0.111471 ; 0.0103927 ; 
org::apache::lucene::index::IndexCommit ; 4.73438 ; 0.0172413 ; 0.070693 ; 0.251368 ; 0.231857 ; 
org::apache::lucene::analysis::compound::hyphenation::Hyphenation ; 1.18716 ; 0.00167713 ; 0.0103756 ; 0.0486875 ; 0.0417474 ; 
org::apache::lucene::search::similar::SimilarityQueries ; 1.43177 ; 0.0129918 ; 0.00146826 ; 0.0312605 ; 9.22005e-6 ; 
org::apache::lucene::analysis::SimpleAnalyzer ; 2.82217 ; 0.0115276 ; 0.00699591 ; 0.0760623 ; 0.0067478 ; 
org::apache::lucene::benchmark::byTask::feeds::DirDocMaker ; 4.23089 ; 0.0157352 ; 0.017526 ; 0.132413 ; 0.0431241 ; 
org::apache::lucene::search::regex::SpanRegexQuery ; 3.1498 ; 0.0172968 ; 0.0041937 ; 0.0729263 ; 1.91932e-4 ; 
org::apache::lucene::benchmark::byTask::feeds::SimpleQueryMaker ; 4.46352 ; 0.0269716 ; 0.0113596 ; 0.12145 ; 0.010322 ; 
org::apache::lucene::index::TermVectorsTermsWriterPerField ; 1.54522 ; 0.00137637 ; 0.0273145 ; 0.0891453 ; 0.0962259 ; 
org::apache::lucene::benchmark::byTask::tasks::CommitIndexTask ; 1.23854 ; 9.90187e-4 ; 0.0519223 ; 0.145898 ; 0.106899 ; 
org::apache::lucene::benchmark::byTask::tasks::SearchTravRetHighlightTask ; 1.23499 ; 7.98332e-4 ; 0.00633986 ; 0.0415823 ; 0.0194572 ; 
org::apache::lucene::search::highlight::QueryScorer ; 0 ; 0 ; 0 ; 0 ; 0 ; 
org::apache::lucene::queryParser::FastCharStream ; 1.64243 ; 0.00391152 ; 0.00325183 ; 0.0418737 ; 0.00116335 ; 
org::apache::lucene::benchmark::standard::StandardOptions ; 5.25817 ; 0.0125676 ; 0.0131499 ; 0.142268 ; 0.0119555 ; 
org::apache::lucene::search::function::FieldCacheSource ; 3.78532 ; 0.0134348 ; 0.0604282 ; 0.220687 ; 0.121571 ; 
org::apache::lucene::search::CachingWrapperFilter ; 6.91215 ; 0.0463653 ; 0.0162734 ; 0.180807 ; 0.0243563 ; 
org::apache::lucene::search::RangeQuery ; 13.4571 ; 0.185802 ; 0.0993444 ; 0.494687 ; 0.210123 ; 
org::apache::lucene::analysis::sinks::TokenRangeSinkTokenizer ; 1.3481 ; 0.00130077 ; 0.00599567 ; 0.0433004 ; 0.0157297 ; 
org::apache::lucene::index::CompoundFileWriter ; 9.12701 ; 0.0427676 ; 0.0607724 ; 0.32498 ; 0.144619 ; 
org::apache::lucene::benchmark::standard::StandardBenchmarker ; 6.47189 ; 0.0207855 ; 0.0671365 ; 0.292414 ; 0.131498 ; 
org::apache::lucene::queryParser::surround::query::SrndBooleanQuery ; 2.67407 ; 0.00818132 ; 0.00445684 ; 0.0650567 ; 0.00118519 ; 
org::apache::lucene::analysis::snowball::SnowballFilter ; 0 ; 0 ; 0 ; 0 ; 0 ; 
org::apache::lucene::index::FieldInfo ; 7.31651 ; 0.0320039 ; 0.039384 ; 0.237557 ; 0.10427 ; 
org::apache::lucene::search::Hits ; 9.64939 ; 0.10328 ; 0.030807 ; 0.271163 ; 0.07131 ; 
org::apache::lucene::search::spell::JaroWinklerDistance ; 0.938338 ; 0.0048406 ; 0.0111861 ; 0.0440916 ; 0.0447485 ; 
org::apache::lucene::search::FieldSortedHitQueue ; 17.2681 ; 0.399622 ; 0.0912739 ; 0.569637 ; 0.171246 ; 
org::apache::lucene::util::cache::SimpleLRUCache ; 1.26735 ; 3.98813e-4 ; 0.0120944 ; 0.0539188 ; 0.0490618 ; 
org::apache::lucene::search::RangeTermEnum ; 0 ; 0 ; 0 ; 0 ; 0 ; 
org::apache::lucene::analysis::StopFilter ; 11.0402 ; 0.307877 ; 0.0634577 ; 0.371815 ; 0.170339 ; 
org::apache::lucene::index::PositionBasedTermVectorMapper ; 1.76352 ; 0.00506796 ; 0.00596275 ; 0.052058 ; 0.0101467 ; 
org::apache::lucene::store::ChecksumIndexOutput ; 2.31429 ; 0.0219407 ; 0.0168265 ; 0.0880797 ; 0.0634498 ; 
org::apache::lucene::misc::LengthNormModifier ; 4.43735 ; 0.117002 ; 0.0379541 ; 0.172472 ; 0.103124 ; 
org::apache::lucene::benchmark::byTask::tasks::OptimizeTask ; 4.52366 ; 0.0174744 ; 0.0140815 ; 0.12928 ; 0.0247287 ; 
org::apache::lucene::xmlparser::QueryTemplateManager ; 3.03811 ; 0.11059 ; 0.0559182 ; 0.193159 ; 0.109104 ; 
org::apache::lucene::demo::FileDocument ; 2.88097 ; 0.0058919 ; 0.0551741 ; 0.187772 ; 0.108062 ; 
org::tartarus::snowball::ext::German2Stemmer ; 1.35264 ; 8.32763e-4 ; 0.0350566 ; 0.101164 ; 0.0995792 ; 
org::apache::lucene::index::DocHelper ; 11.4214 ; 0.369933 ; 0.0753887 ; 0.411395 ; 0.139189 ; 
org::apache::lucene::search::TopDocCollector ; 6.78032 ; 0.064671 ; 0.0805721 ; 0.323633 ; 0.173886 ; 
org::apache::lucene::index::MultiSegmentReader ; 5.96254 ; 0.289126 ; 0.0817368 ; 0.31309 ; 0.187653 ; 
org::apache::lucene::search::QueryWrapperFilter ; 2.46006 ; 0.00590838 ; 0.00959337 ; 0.0751859 ; 0.0230982 ; 
org::apache::lucene::search::function::DocValues ; 3.87796 ; 0.0250367 ; 0.0135441 ; 0.115313 ; 0.0256072 ; 
org::apache::lucene::index::DocFieldConsumerPerThread ; 0.792859 ; 5.1848e-4 ; 0.0122672 ; 0.0424562 ; 0.0457934 ; 
org::apache::lucene::analysis::KeywordTokenizer ; 2.61865 ; 0.0879209 ; 0.00280624 ; 0.0577254 ; 2.65708e-5 ; 
org::apache::lucene::queryParser::precedence::TokenMgrError ; 1.31187 ; 0.00868421 ; 0.00138824 ; 0.0288405 ; 1.14211e-5 ; 
org::apache::lucene::analysis::ngram::EdgeNGramTokenizer ; 5.37625 ; 0.0687913 ; 0.0429417 ; 0.204598 ; 0.117724 ; 
org::apache::lucene::search::similar::MoreLikeThisQuery ; 5.69695 ; 0.0806006 ; 0.0616937 ; 0.261994 ; 0.114258 ; 
org::apache::lucene::search::highlight::SimpleHTMLFormatter ; 0 ; 0 ; 0 ; 0 ; 0 ; 
org::apache::lucene::index::FormatPostingsFieldsWriter ; 0 ; 0 ; 0 ; 0 ; 0 ; 
org::apache::lucene::store::NoLockFactory ; 3.64676 ; 0.00834589 ; 0.00728374 ; 0.0931516 ; 0.00280479 ; 
org::apache::lucene::search::FilterClause ; 3.90708 ; 0.0293379 ; 0.0577081 ; 0.215128 ; 0.11138 ; 
org::apache::lucene::xmlparser::webdemo::FormBasedXmlQueryDemo ; 0 ; 0 ; 0 ; 0 ; 0 ; 
org::apache::lucene::index::InvertedDocEndConsumerPerField ; 0.792859 ; 5.1848e-4 ; 0.0122672 ; 0.0424562 ; 0.0457934 ; 
org::tartarus::snowball::ext::RomanianStemmer ; 1.35264 ; 8.32763e-4 ; 0.0350566 ; 0.101164 ; 0.0995792 ; 
org::apache::lucene::store::je::File ; 4.7258 ; 0.117878 ; 0.0578471 ; 0.231331 ; 0.108276 ; 
org::apache::lucene::benchmark::byTask::tasks::DeleteDocTask ; 4.50164 ; 0.0316107 ; 0.0112521 ; 0.121935 ; 0.00950658 ; 
org::apache::lucene::search::Scorer ; 5.59993 ; 0.0866711 ; 0.0166679 ; 0.156288 ; 0.0332368 ; 
org::apache::lucene::analysis::nl::DutchStemmer ; 0 ; 0 ; 0 ; 0 ; 0 ; 
org::apache::lucene::search::function::ValueSourceQuery ; 3.95872 ; 0.0153674 ; 0.0400426 ; 0.16897 ; 0.113967 ; 
org::apache::lucene::store::db::SanityLoadLibrary ; 1.28083 ; 0.00259405 ; 0.00351199 ; 0.0356101 ; 0.00369221 ; 
org::apache::lucene::benchmark::byTask::tasks::NewAnalyzerTask ; 0.96755 ; 0.00470229 ; 0.00316392 ; 0.0282847 ; 0.00502553 ; 
org::tartarus::snowball::ext::GermanStemmer ; 1.35264 ; 8.32763e-4 ; 0.0350566 ; 0.101164 ; 0.0995792 ; 
org::apache::lucene::util::Constants ; 4.04167 ; 0.0328469 ; 0.0083892 ; 0.103332 ; 0.00676912 ; 
org::apache::lucene::queryParser::surround::query::SrndTermQuery ; 4.06683 ; 0.0243134 ; 0.00627614 ; 0.0971617 ; 0.00125813 ; 
org::apache::lucene::queryParser::surround::query::SrndTruncQuery ; 2.67407 ; 0.00818132 ; 0.00445684 ; 0.0650567 ; 0.00118519 ; 
org::apache::lucene::search::spans::NearSpansUnordered ; 4.66519 ; 0.0409413 ; 0.0993396 ; 3.39625 ; 0.189983 ; 
org::apache::lucene::xmlparser::builders::BooleanFilterBuilder ; 4.72472 ; 0.0495644 ; 0.058312 ; 0.232918 ; 0.108958 ; 
org::apache::lucene::benchmark::quality::utils::SimpleQQParser ; 1.17486 ; 9.65682e-4 ; 0.00361796 ; 0.0337529 ; 0.00505055 ; 
org::apache::lucene::index::SnapshotDeletionPolicy ; 5.97302 ; 0.0391736 ; 0.0658061 ; 0.27076 ; 0.198475 ; 
org::apache::lucene::analysis::cz::CzechAnalyzer ; 0 ; 0 ; 0 ; 0 ; 0 ; 
org::apache::lucene::index::ByteSliceWriter ; 1.18032 ; 0.00168297 ; 0.0108864 ; 0.0494884 ; 0.0439342 ; 
org::apache::lucene::analysis::fr::FrenchStemmer ; 0 ; 0 ; 0 ; 0 ; 0 ; 
org::apache::lucene::benchmark::byTask::feeds::AbstractQueryMaker ; 1.45269 ; 4.4025e-4 ; 0.00350248 ; 0.0389943 ; 0.00253864 ; 
org::apache::lucene::search::FilteredTermEnum ; 2.94415 ; 0.00557231 ; 0.00515406 ; 0.0726763 ; 0.00131696 ; 
org::apache::lucene::analysis::payloads::NumericPayloadTokenFilter ; 3.37826 ; 0.0316246 ; 0.0404763 ; 0.157785 ; 0.123391 ; 
org::apache::lucene::analysis::compound::hyphenation::PatternParser ; 1.50087 ; 0.00270569 ; 0.0417467 ; 3.20079 ; 0.0731185 ; 
org::apache::lucene::analysis::fr::FrenchStemFilter ; 1.25878 ; 0.00762692 ; 0.0013038 ; 0.0275436 ; 8.92963e-6 ; 
org::apache::lucene::search::spans::SpanQuery ; 5.5834 ; 0.0319304 ; 0.0380942 ; 0.194271 ; 0.100661 ; 
org::apache::lucene::search::function::OrdFieldSource ; 3.93677 ; 0.00562569 ; 0.0617223 ; 0.227022 ; 0.126922 ; 
org::tartarus::snowball::ext::DutchStemmer ; 1.35264 ; 8.32763e-4 ; 0.0350566 ; 0.101164 ; 0.0995792 ; 
org::apache::lucene::index::memory::PatternAnalyzer ; 12.0175 ; 0.215343 ; 0.0990119 ; 0.467422 ; 0.211415 ; 
org::apache::lucene::search::function::FieldScoreQuery ; 2.76207 ; 0.00363758 ; 0.035341 ; 0.132005 ; 0.103588 ; 
org::apache::lucene::analysis::compound::CompoundWordTokenFilterBase ; 2.5991 ; 0.00845957 ; 0.0419123 ; 0.142869 ; 0.141042 ; 
org::apache::lucene::swing::models::ListSearcher ; 6.26449 ; 0.0179557 ; 0.0634723 ; 0.275728 ; 0.126799 ; 
org::apache::lucene::index::DocConsumer ; 0.792859 ; 5.1848e-4 ; 0.0122672 ; 0.0424562 ; 0.0457934 ; 
org::apache::lucene::analysis::standard::StandardTokenizer ; 9.37718 ; 0.32649 ; 0.0619818 ; 0.332374 ; 0.182565 ; 
org::apache::lucene::xmlparser::builders::SpanOrTermsBuilder ; 4.40689 ; 0.0306045 ; 0.0368369 ; 0.168217 ; 0.10098 ; 
org::apache::lucene::analysis::cn::ChineseTokenizer ; 0 ; 0 ; 0 ; 0 ; 0 ; 
org::apache::lucene::wikipedia::analysis::WikipediaTokenizer ; 4.91412 ; 0.130016 ; 0.0520034 ; 0.217276 ; 0.168567 ; 
org::apache::lucene::store::instantiated::InstantiatedTermDocs ; 1.38982 ; 0.00434966 ; 0.0139123 ; 0.0601513 ; 0.0535355 ; 
org::apache::lucene::index::DocFieldProcessorPerThread ; 1.54522 ; 0.00137637 ; 0.0273145 ; 0.0891453 ; 0.0962259 ; 
org::apache::lucene::xmlparser::builders::UserInputQueryBuilder ; 5.74047 ; 0.0825305 ; 0.0753778 ; 0.292707 ; 0.17923 ; 
org::apache::lucene::analysis::ru::RussianStemFilter ; 0 ; 0 ; 0 ; 0 ; 0 ; 
org::apache::lucene::analysis::shingle::ShingleFilter ; 3.4997 ; 0.0334453 ; 0.0487579 ; 0.177749 ; 0.16716 ; 
org::apache::lucene::index::DocFieldConsumer ; 0.792859 ; 5.1848e-4 ; 0.0122672 ; 0.0424562 ; 0.0457934 ; 
org::apache::lucene::analysis::compound::hyphenation::CharVector ; 1.18716 ; 0.00167713 ; 0.0103756 ; 0.0486875 ; 0.0417474 ; 
org::apache::lucene::search::FilterManager ; 2.52346 ; 0.00138511 ; 0.0551703 ; 0.180832 ; 0.109618 ; 
org::apache::lucene::search::PhraseQuery ; 9.68386 ; 0.157584 ; 0.130155 ; 3.56135 ; 0.262809 ; 
org::apache::lucene::index::TermsHashConsumer ; 1.15014 ; 6.83682e-4 ; 0.0207298 ; 0.0671158 ; 0.072263 ; 
org::apache::lucene::queryParser::surround::query::BooleanQueryTst ; 2.74289 ; 0.0336228 ; 0.00562364 ; 0.0699285 ; 0.004366 ; 
org::apache::lucene::index::KeepOnlyLastCommitDeletionPolicy ; 2.32375 ; 0.00208052 ; 0.00873391 ; 0.0699581 ; 0.0207461 ; 
org::apache::lucene::search::BooleanScorer ; 3.67974 ; 0.0141081 ; 0.0083349 ; 0.0970669 ; 0.00526084 ; 
org::apache::lucene::search::FieldCacheImpl ; 16.8684 ; 0.867589 ; 0.114725 ; 0.606812 ; 0.244443 ; 
org::apache::lucene::store::instantiated::InstantiatedTermFreqVector ; 0.60098 ; 3.8181e-4 ; 0.00388466 ; 0.0219358 ; 0.0141336 ; 
org::apache::lucene::index::DocFieldConsumerPerField ; 0.792859 ; 5.1848e-4 ; 0.0122672 ; 0.0424562 ; 0.0457934 ; 
org::apache::lucene::benchmark::byTask::tasks::RepSumByPrefTask ; 3.28866 ; 0.0298755 ; 0.00774168 ; 0.0876976 ; 0.00527147 ; 
org::apache::lucene::index::FormatPostingsPositionsWriter ; 0 ; 0 ; 0 ; 0 ; 0 ; 
org::apache::lucene::index::FieldsReader ; 25.5769 ; 0.799957 ; 0.172332 ; 0.926117 ; 0.425781 ; 
org::apache::lucene::store::GCJDirectory ; 2.88097 ; 0.00440662 ; 0.0551741 ; 0.187772 ; 0.108062 ; 
org::apache::lucene::search::spell::SuggestWord ; 0 ; 0 ; 0 ; 0 ; 0 ; 
org::apache::lucene::xmlparser::builders::SpanTermBuilder ; 2.99495 ; 0.0357167 ; 0.00530023 ; 0.0740352 ; 0.00168471 ; 
org::apache::lucene::benchmark::byTask::utils::Algorithm ; 4.52366 ; 0.0865696 ; 0.0140815 ; 0.12928 ; 0.0247287 ; 
org::apache::lucene::search::CachingWrapperFilterHelper ; 2.46006 ; 0.00289736 ; 0.00959337 ; 0.0751859 ; 0.0230982 ; 
org::tartarus::snowball::ext::RussianStemmer ; 1.35264 ; 8.32763e-4 ; 0.0350566 ; 0.101164 ; 0.0995792 ; 
org::apache::lucene::store::db::Block ; 1.43177 ; 0.0129918 ; 0.00146826 ; 0.0312605 ; 9.22005e-6 ; 
org::apache::lucene::search::HitCollector ; 4.31109 ; 0.0151422 ; 0.0104144 ; 0.113686 ; 0.0154823 ; 
org::apache::lucene::index::TermVectorMapper ; 2.41614 ; 0.0251721 ; 0.00861283 ; 0.0723787 ; 0.0164911 ; 
org::apache::lucene::util::OpenBitSet ; 3.07326 ; 0.00394291 ; 0.074757 ; 0.233643 ; 0.17614 ; 
org::apache::lucene::benchmark::byTask::tasks::ReadTokensTask ; 1.17973 ; 0.00553895 ; 0.00374408 ; 0.0341887 ; 0.00558445 ; 
org::apache::lucene::store::je::Block ; 3.81886 ; 0.0130551 ; 0.0564659 ; 0.209658 ; 0.108135 ; 
org::apache::lucene::util::StringHelper ; 2.54988 ; 0.017328 ; 0.0095867 ; 0.0759522 ; 0.0250941 ; 
org::apache::lucene::swing::models::ListSearcherSimulator ; 3.85212 ; 0.0222901 ; 0.0552128 ; 0.205541 ; 0.107064 ; 
org::apache::lucene::demo::html::Tags ; 1.64243 ; 0.00391152 ; 0.00325183 ; 0.0418737 ; 0.00116335 ; 
org::apache::lucene::benchmark::byTask::tasks::SetPropTask ; 3.28866 ; 0.0184133 ; 0.00774168 ; 0.0876976 ; 0.00527147 ; 
org::apache::lucene::store::LockVerifyServer ; 2.36108 ; 0.00282275 ; 0.00943583 ; 0.0732947 ; 0.0214563 ; 
org::apache::lucene::analysis::payloads::TokenOffsetPayloadTokenFilter ; 2.71012 ; 0.0488462 ; 0.0375713 ; 0.136479 ; 0.115988 ; 
org::apache::lucene::search::spans::SpanScorer ; 6.64038 ; 0.118494 ; 0.063301 ; 0.285468 ; 0.113346 ; 
org::apache::lucene::index::MultiLevelSkipListReader ; 3.64568 ; 0.113522 ; 0.0188846 ; 0.120786 ; 0.057021 ; 
org::apache::lucene::index::DocumentsWriterThreadState ; 3.17313 ; 0.211347 ; 0.0313166 ; 0.136571 ; 0.120185 ; 
org::apache::lucene::document::LoadFirstFieldSelector ; 2.29636 ; 0.0151451 ; 0.0137681 ; 0.0789014 ; 0.0493051 ; 
org::apache::lucene::search::PrefixFilter ; 5.88673 ; 0.0345824 ; 0.0187659 ; 0.169599 ; 0.0331881 ; 
org::apache::lucene::index::TermVectorsTermsWriter ; 1.54522 ; 6.01081e-4 ; 0.0273145 ; 0.0891453 ; 0.0962259 ; 
org::apache::lucene::benchmark::Driver ; 3.12296 ; 9.91854e-4 ; 0.00690727 ; 0.0818702 ; 0.00401529 ; 
org::apache::lucene::benchmark::quality::utils::SubmissionReport ; 2.40151 ; 0.00966953 ; 0.00960402 ; 0.0743622 ; 0.0225175 ; 
org::apache::lucene::store::instantiated::InstantiatedTerm ; 0.60098 ; 3.8181e-4 ; 0.00388466 ; 0.0219358 ; 0.0141336 ; 
org::apache::lucene::store::instantiated::FieldSetting ; 0.788836 ; 0.00158714 ; 0.0100276 ; 0.0382156 ; 0.0394019 ; 
org::apache::lucene::index::SegmentReader ; 26.0888 ; 0.956908 ; 0.158873 ; 0.900412 ; 0.365193 ; 
org::apache::lucene::benchmark::byTask::tasks::SearchTravRetLoadFieldSelectorTask ; 3.41583 ; 0.0103702 ; 0.0116627 ; 0.100314 ; 0.0234698 ; 
org::apache::lucene::benchmark::standard::ReutersQueries ; 2.60998 ; 0.0289249 ; 0.00641575 ; 0.0701584 ; 0.00618888 ; 
org::apache::lucene::queryParser::surround::parser::TokenMgrError ; 1.03163 ; 0.0042698 ; 0.00120501 ; 0.023183 ; 2.18418e-5 ; 
org::apache::lucene::index::FormatPostingsDocsWriter ; 0 ; 0 ; 0 ; 0 ; 0 ; 
org::apache::lucene::store::db::File ; 1.43177 ; 0.0129918 ; 0.00146826 ; 0.0312605 ; 9.22005e-6 ; 
org::apache::lucene::index::SegmentInfo ; 11.3676 ; 0.375406 ; 0.114134 ; 3.5767 ; 0.217353 ; 
org::apache::lucene::index::ReadOnlyMultiSegmentReader ; 1.35264 ; 8.32763e-4 ; 0.0350566 ; 0.101164 ; 0.0995792 ; 
org::apache::lucene::index::StoredFieldsWriter ; 0.792859 ; 5.1848e-4 ; 0.0122672 ; 0.0424562 ; 0.0457934 ; 
org::apache::lucene::xmlparser::CorePlusExtensionsParser ; 5.87959 ; 0.0479768 ; 0.016575 ; 0.161808 ; 0.0306611 ; 
org::apache::lucene::index::RawPostingList ; 0.792859 ; 5.1848e-4 ; 0.0122672 ; 0.0424562 ; 0.0457934 ; 
org::apache::lucene::benchmark::byTask::tasks::ReadTask ; 5.76219 ; 0.111712 ; 0.0660038 ; 0.275178 ; 0.131628 ; 
org::apache::lucene::benchmark::byTask::feeds::SimpleDocMaker ; 4.90018 ; 0.174915 ; 0.0121122 ; 0.132328 ; 0.00991837 ; 
org::apache::lucene::store::NIOFSDirectory ; 1.25985 ; 7.72812e-4 ; 0.0364986 ; 0.101967 ; 0.0980091 ; 
org::apache::lucene::index::FreqProxTermsWriterPerField ; 1.54522 ; 0.0242349 ; 0.0273145 ; 0.0891453 ; 0.0962259 ; 
org::apache::lucene::demo::IndexHTML ; 6.17458 ; 0.216048 ; 0.0138113 ; 0.15911 ; 0.0205534 ; 
org::apache::lucene::analysis::nl::DutchStemFilter ; 0 ; 0 ; 0 ; 0 ; 0 ; 
org::apache::lucene::index::IndexFileDeleter ; 18.3422 ; 0.377512 ; 0.114049 ; 0.642115 ; 0.303306 ; 
org::tartarus::snowball::ext::KpStemmer ; 1.35264 ; 8.32763e-4 ; 0.0350566 ; 0.101164 ; 0.0995792 ; 
lucli::Lucli ; 1.43177 ; 0.0129918 ; 0.00146826 ; 0.0312605 ; 9.22005e-6 ; 
org::apache::lucene::analysis::ar::ArabicStemmer ; 0 ; 0 ; 0 ; 0 ; 0 ; 
org::apache::lucene::index::DocFieldProcessorPerField ; 0.792859 ; 5.1848e-4 ; 0.0122672 ; 0.0424562 ; 0.0457934 ; 
org::apache::lucene::analysis::LetterTokenizer ; 1.64243 ; 0.00391152 ; 0.00325183 ; 0.0418737 ; 0.00116335 ; 
org::apache::lucene::queryParser::surround::query::SimpleTerm ; 3.9126 ; 0.0131323 ; 0.0563791 ; 0.210955 ; 0.108084 ; 
org::apache::lucene::search::SortComparator ; 2.1402 ; 0.0158288 ; 0.00623405 ; 0.0604822 ; 0.00782807 ; 
org::apache::lucene::analysis::th::ThaiWordFilter ; 3.67948 ; 0.012444 ; 0.0851327 ; 0.265063 ; 0.206437 ; 
org::apache::lucene::index::CompoundFileReader ; 8.43595 ; 0.408934 ; 0.0288185 ; 0.240385 ; 0.0637452 ; 
org::apache::lucene::store::RAMDirectory ; 14.0755 ; 0.203273 ; 0.0409222 ; 0.387802 ; 0.0687205 ; 
org::apache::lucene::index::memory::AnalyzerUtil ; 8.26847 ; 0.408332 ; 0.0926648 ; 0.376457 ; 0.208128 ; 
org::apache::lucene::analysis::br::BrazilianStemFilter ; 1.25878 ; 0.00762692 ; 0.0013038 ; 0.0275436 ; 8.92963e-6 ; 
org::apache::lucene::index::CorruptIndexException ; 1.09884 ; 0.00126433 ; 0.00252752 ; 0.0291281 ; 0.00157239 ; 
org::apache::lucene::search::QueryTermVector ; 3.05437 ; 0.0118909 ; 0.0347885 ; 0.136055 ; 0.100458 ; 
org::apache::lucene::store::SimpleFSLockFactory ; 10.3263 ; 0.10637 ; 0.0293917 ; 0.287547 ; 0.0455709 ; 
org::apache::lucene::demo::html::Entities ; 2.88097 ; 0.00638699 ; 0.0551741 ; 0.187772 ; 0.108062 ; 
org::apache::lucene::benchmark::byTask::tasks::OpenReaderTask ; 3.28866 ; 0.0135264 ; 0.00774168 ; 0.0876976 ; 0.00527147 ; 
org::apache::lucene::benchmark::byTask::PerfRunData ; 11.2928 ; 0.118556 ; 0.0480877 ; 0.351652 ; 0.114231 ; 
org::apache::lucene::search::RangeFilter ; 8.49681 ; 0.185602 ; 0.0972412 ; 0.392917 ; 0.227999 ; 
org::apache::lucene::index::ByteBlockPool ; 2.57416 ; 0.016761 ; 0.0270383 ; 0.11388 ; 0.103861 ; 
org::apache::lucene::analysis::CharArraySet ; 4.10964 ; 0.196315 ; 0.0171903 ; 0.129112 ; 0.0424604 ; 
org::apache::lucene::index::NormsWriterPerThread ; 0.792859 ; 5.1848e-4 ; 0.0122672 ; 0.0424562 ; 0.0457934 ; 
org::apache::lucene::index::DocFieldProcessor ; 0.792859 ; 5.1848e-4 ; 0.0122672 ; 0.0424562 ; 0.0457934 ; 
org::apache::lucene::xmlparser::builders::SpanQueryBuilderFactory ; 3.66829 ; 0.0219196 ; 0.0564034 ; 0.206585 ; 0.108521 ; 
org::apache::lucene::index::TermsHashPerField ; 1.54522 ; 0.00172271 ; 0.0273145 ; 0.0891453 ; 0.0962259 ; 
org::apache::lucene::search::ConjunctionScorer ; 6.52069 ; 0.44398 ; 0.0180491 ; 0.177842 ; 0.0343981 ; 
org::apache::lucene::index::FormatPostingsFieldsConsumer ; 0 ; 0 ; 0 ; 0 ; 0 ; 
org::apache::lucene::search::MultiPhraseQuery ; 14.6136 ; 0.325199 ; 0.12129 ; 3.6437 ; 0.2146 ; 
org::apache::lucene::index::FieldNormModifier ; 4.63934 ; 0.0116243 ; 0.0882686 ; 0.293469 ; 0.209899 ; 
org::apache::lucene::analysis::nl::WordlistLoader ; 0 ; 0 ; 0 ; 0 ; 0 ; 
org::apache::lucene::util::BitUtil ; 1.17515 ; 6.69115e-4 ; 0.00634538 ; 0.0402517 ; 0.0203787 ; 
org::apache::lucene::analysis::miscellaneous::SingleTokenTokenStream ; 2.35699 ; 0.00894951 ; 0.0440601 ; 0.140911 ; 0.148302 ; 
org::apache::lucene::search::spell::LevensteinDistance ; 0.938338 ; 0.0145218 ; 0.0111861 ; 0.0440916 ; 0.0447485 ; 
org::apache::lucene::analysis::miscellaneous::EmptyTokenStream ; 2.35699 ; 0.00934848 ; 0.0440601 ; 0.140911 ; 0.148302 ; 
org::apache::lucene::util::ToStringUtils ; 4.57123 ; 0.0114461 ; 0.00909305 ; 0.115984 ; 0.0055316 ; 
org::apache::lucene::index::FreqProxFieldMergeState ; 1.54522 ; 0.00830319 ; 0.0273145 ; 0.0891453 ; 0.0962259 ; 
org::apache::lucene::store::instantiated::InstantiatedTermDocumentInformation ; 0.60098 ; 3.8181e-4 ; 0.00388466 ; 0.0219358 ; 0.0141336 ; 
org::apache::lucene::analysis::WhitespaceAnalyzer ; 2.82217 ; 0.0115276 ; 0.00699591 ; 0.0760623 ; 0.0067478 ; 
org::apache::lucene::search::SpanQueryFilter ; 3.30197 ; 0.00427818 ; 0.0732474 ; 3.31753 ; 0.114553 ; 
org::apache::lucene::store::instantiated::FieldSettings ; 0.788836 ; 0.00158714 ; 0.0100276 ; 0.0382156 ; 0.0394019 ; 
org::apache::lucene::index::MultipleTermPositions ; 5.80413 ; 0.263764 ; 0.0613751 ; 0.263233 ; 0.112092 ; 
org::apache::lucene::analysis::compound::HyphenationCompoundWordTokenFilter ; 1.18716 ; 0.00167713 ; 0.0103756 ; 0.0486875 ; 0.0417474 ; 
org::apache::lucene::demo::html::HTMLParserTokenManager ; 1.41194 ; 0.0023938 ; 0.0315366 ; 0.0941817 ; 0.099295 ; 
org::apache::lucene::benchmark::byTask::utils::FileUtils ; 2.58836 ; 0.0167251 ; 0.00607429 ; 0.0689624 ; 0.00411087 ; 
org::apache::lucene::index::DocFieldConsumersPerField ; 0.792859 ; 5.1848e-4 ; 0.0122672 ; 0.0424562 ; 0.0457934 ; 
org::apache::lucene::search::BooleanScorer2 ; 12.9419 ; 0.537444 ; 0.027018 ; 0.330283 ; 0.02595 ; 
org::apache::lucene::benchmark::byTask::tasks::SearchTravRetTask ; 3.28866 ; 0.0159804 ; 0.00774168 ; 0.0876976 ; 0.00527147 ; 
org::apache::lucene::index::NormsWriter ; 0.792859 ; 5.1848e-4 ; 0.0122672 ; 0.0424562 ; 0.0457934 ; 
org::apache::lucene::benchmark::byTask::stats::Report ; 3.28866 ; 0.0194204 ; 0.00774168 ; 0.0876976 ; 0.00527147 ; 
com::sleepycat::db::DbHandleExtractor ; 1.43177 ; 0.0129918 ; 0.00146826 ; 0.0312605 ; 9.22005e-6 ; 
org::apache::lucene::index::DirectoryIndexReader ; 9.24384 ; 0.224015 ; 0.105203 ; 0.42435 ; 0.342104 ; 
org::apache::lucene::search::function::FloatFieldSource ; 3.93677 ; 0.00562569 ; 0.0617223 ; 0.227022 ; 0.126922 ; 
org::apache::lucene::search::Hit ; 7.82654 ; 0.129167 ; 0.0726917 ; 0.32827 ; 0.158735 ; 
org::apache::lucene::index::ByteSliceReader ; 1.39384 ; 0.00375193 ; 0.0161519 ; 0.0643919 ; 0.059927 ; 
org::apache::lucene::analysis::fr::ElisionFilter ; 4.42816 ; 0.030271 ; 0.0886806 ; 0.290466 ; 0.212731 ; 
org::apache::lucene::benchmark::quality::QualityQuery ; 1.17486 ; 9.65682e-4 ; 0.00361796 ; 0.0337529 ; 0.00505055 ; 
org::apache::lucene::search::DuplicateFilter ; 3.6711 ; 0.00730358 ; 0.047325 ; 0.178239 ; 0.155845 ; 
org::apache::lucene::index::TermVectorAccessor ; 1.25985 ; 7.72812e-4 ; 0.0364986 ; 0.101967 ; 0.0980091 ; 
org::apache::lucene::index::IndexWriter ; 39.6054 ; 4.49023 ; 0.242303 ; 4.4516 ; 0.535071 ; 
org::apache::lucene::demo::IndexFiles ; 4.17914 ; 0.011353 ; 0.0114939 ; 0.114259 ; 0.0207742 ; 
org::apache::lucene::search::highlight::DefaultEncoder ; 2.49732 ; 0.00812201 ; 0.0532261 ; 0.173442 ; 0.106908 ; 
org::apache::lucene::analysis::ISOLatin1AccentFilter ; 1.97962 ; 0.383604 ; 0.00218663 ; 0.043934 ; 2.57962e-5 ; 
org::apache::lucene::search::highlight::WeightedSpanTermExtractor ; 4.9693 ; 0.197344 ; 0.103994 ; 0.33567 ; 0.288668 ; 
org::apache::lucene::util::OpenBitSetDISI ; 1.26735 ; 3.98813e-4 ; 0.0120944 ; 0.0539188 ; 0.0490618 ; 
org::apache::lucene::queryParser::surround::parser::ParseException ; 1.03163 ; 0.0042698 ; 0.00120501 ; 0.023183 ; 2.18418e-5 ; 
org::apache::lucene::analysis::shingle::ShingleMatrixFilter ; 3.59553 ; 0.0726288 ; 0.0959824 ; 0.286809 ; 0.255201 ; 
org::apache::regexp::RegexpTunnel ; 4.11562 ; 0.0229168 ; 0.00674772 ; 0.0999354 ; 0.00140016 ; 
org::apache::lucene::index::memory::SynonymMap ; 7.62066 ; 0.141883 ; 0.0632699 ; 0.303907 ; 0.110328 ; 
org::apache::lucene::search::spell::SuggestWordQueue ; 0 ; 0 ; 0 ; 0 ; 0 ; 
org::apache::lucene::xmlparser::builders::TermQueryBuilder ; 4.23349 ; 0.0415435 ; 0.0572225 ; 0.219933 ; 0.108584 ; 
org::apache::lucene::benchmark::utils::ExtractWikipedia ; 4.75056 ; 0.0839952 ; 0.0194024 ; 0.147995 ; 0.0469234 ; 
org::tartarus::snowball::ext::ItalianStemmer ; 1.35264 ; 8.32763e-4 ; 0.0350566 ; 0.101164 ; 0.0995792 ; 
org::apache::lucene::analysis::query::QueryAutoStopWordAnalyzer ; 2.58708 ; 0.00146705 ; 0.037882 ; 0.134433 ; 0.119674 ; 
org::tartarus::snowball::ext::SwedishStemmer ; 1.35264 ; 8.32763e-4 ; 0.0350566 ; 0.101164 ; 0.0995792 ; 
org::apache::lucene::ant::IndexTask ; 1.25878 ; 0.00762692 ; 0.0013038 ; 0.0275436 ; 8.92963e-6 ; 
org::apache::lucene::index::SegmentInfos ; 19.5286 ; 0.729388 ; 0.146444 ; 0.739952 ; 0.360125 ; 
org::apache::lucene::search::ParallelMultiSearcher ; 5.96744 ; 0.0801905 ; 0.0189968 ; 0.164804 ; 0.0503248 ; 
org::apache::lucene::benchmark::byTask::tasks::CloseReaderTask ; 3.28866 ; 0.0139763 ; 0.00774168 ; 0.0876976 ; 0.00527147 ; 
org::apache::lucene::index::SegmentTermDocs ; 5.5234 ; 0.183774 ; 0.0318983 ; 0.185197 ; 0.0817897 ; 
org::apache::lucene::queryParser::MultiFieldQueryParser ; 16.8048 ; 1.12431 ; 0.0825282 ; 0.536249 ; 0.13606 ; 
org::apache::lucene::benchmark::AbstractBenchmarker ; 2.60998 ; 0.00541348 ; 0.00641575 ; 0.0701584 ; 0.00618888 ; 
org::apache::lucene::queryParser::precedence::FastCharStream ; 1.31187 ; 0.00868421 ; 0.00138824 ; 0.0288405 ; 1.14211e-5 ; 
org::apache::lucene::search::MultiTermQuery ; 7.41088 ; 0.0690403 ; 0.0101588 ; 0.17215 ; 0.00135426 ; 
org::apache::lucene::store::instantiated::InstantiatedIndexWriter ; 4.35401 ; 0.137037 ; 0.128742 ; 3.45233 ; 0.2911 ; 
org::apache::lucene::search::BooleanClause ; 10.3086 ; 0.203041 ; 0.0163136 ; 0.246981 ; 0.0054889 ; 
org::apache::lucene::search::QueryFilter ; 4.50602 ; 0.0508492 ; 0.0085367 ; 0.113095 ; 0.00395799 ; 
org::apache::lucene::analysis::Tokenizer ; 5.52249 ; 0.0147491 ; 0.0446654 ; 0.212545 ; 0.123469 ; 
org::apache::lucene::store::RAMFile ; 5.63409 ; 0.0360766 ; 0.0151975 ; 0.154655 ; 0.0211195 ; 
org::apache::lucene::benchmark::byTask::feeds::ReutersDocMaker ; 7.54956 ; 0.143175 ; 0.02366 ; 0.216299 ; 0.0409423 ; 
org::apache::lucene::search::spell::SpellChecker ; 0 ; 0 ; 0 ; 0 ; 0 ; 
org::apache::lucene::benchmark::stats::TimeData ; 4.3615 ; 0.0298344 ; 0.0588296 ; 0.227768 ; 0.110914 ; 
org::apache::lucene::search::payloads::PayloadSpanUtil ; 2.65048 ; 0.00178812 ; 0.0834589 ; 0.24008 ; 0.206194 ; 
org::apache::lucene::search::spans::SpanQueue ; 0 ; 0 ; 0 ; 0 ; 0 ; 
org::apache::lucene::index::memory::MemoryIndex ; 16.8263 ; 0.59608 ; 0.118878 ; 0.612866 ; 0.263269 ; 
org::apache::lucene::store::instantiated::InstantiatedDocument ; 0.60098 ; 3.8181e-4 ; 0.00388466 ; 0.0219358 ; 0.0141336 ; 
org::apache::lucene::search::Sort ; 5.92561 ; 0.0160268 ; 0.0638892 ; 0.2724 ; 0.123015 ; 
org::apache::lucene::index::Payload ; 6.8389 ; 0.252059 ; 0.0567121 ; 0.26789 ; 0.169496 ; 
org::apache::lucene::benchmark::byTask::tasks::SearchTravTask ; 3.28866 ; 0.0203864 ; 0.00774168 ; 0.0876976 ; 0.00527147 ; 
org::apache::lucene::analysis::compound::hyphenation::TernaryTree ; 1.18716 ; 0.00167713 ; 0.0103756 ; 0.0486875 ; 0.0417474 ; 
org::apache::lucene::analysis::ru::RussianAnalyzer ; 0 ; 0 ; 0 ; 0 ; 0 ; 
org::apache::lucene::analysis::LowerCaseTokenizer ; 1.64243 ; 0.00391152 ; 0.00325183 ; 0.0418737 ; 0.00116335 ; 
org::apache::lucene::search::highlight::QueryTermExtractor ; 0 ; 0 ; 0 ; 0 ; 0 ; 
org::tartarus::snowball::ext::HungarianStemmer ; 1.35264 ; 8.32763e-4 ; 0.0350566 ; 0.101164 ; 0.0995792 ; 
org::apache::lucene::search::highlight::SimpleHTMLEncoder ; 3.14666 ; 0.191643 ; 0.0540233 ; 0.188199 ; 0.106929 ; 
org::apache::lucene::search::PrefixQuery ; 9.97613 ; 0.0833865 ; 0.0150425 ; 0.236497 ; 0.00393042 ; 
org::apache::lucene::analysis::standard::StandardAnalyzer ; 10.68 ; 0.149897 ; 0.0747449 ; 0.39539 ; 0.15959 ; 
org::apache::lucene::document::FieldSelectorResult ; 8.13453 ; 0.106547 ; 0.0265863 ; 0.231586 ; 0.0568552 ; 
org::apache::lucene::search::TopFieldDocs ; 5.42599 ; 0.0216352 ; 0.0582676 ; 0.245446 ; 0.108156 ; 
org::apache::lucene::index::BufferedDeletes ; 0.60098 ; 3.8181e-4 ; 0.00388466 ; 0.0219358 ; 0.0141336 ; 
org::apache::lucene::index::IntBlockPool ; 0.792859 ; 5.1848e-4 ; 0.0122672 ; 0.0424562 ; 0.0457934 ; 
org::apache::lucene::analysis::ar::ArabicLetterTokenizer ; 0 ; 0 ; 0 ; 0 ; 0 ; 
org::apache::lucene::search::SampleComparable ; 1.45008 ; 0.00155124 ; 0.00214814 ; 0.0344245 ; 1.8773e-4 ; 
org::apache::lucene::search::Searcher ; 10.3467 ; 0.220623 ; 0.0638529 ; 0.352466 ; 0.171877 ; 
org::apache::lucene::index::InvertedDocEndConsumerPerThread ; 0.792859 ; 5.1848e-4 ; 0.0122672 ; 0.0424562 ; 0.0457934 ; 
org::apache::lucene::analysis::LengthFilter ; 0 ; 0 ; 0 ; 0 ; 0 ; 
org::apache::lucene::search::PhraseQueue ; 2.6029 ; 0.00923303 ; 0.0057418 ; 0.0681672 ; 0.00340696 ; 
org::apache::lucene::index::GCJTermDocs ; 1.64243 ; 0.00391152 ; 0.00325183 ; 0.0418737 ; 0.00116335 ; 
org::apache::lucene::search::regex::JakartaRegexpCapabilities ; 4.11562 ; 0.0629032 ; 0.00674772 ; 0.0999354 ; 0.00140016 ; 
org::apache::lucene::xmlparser::DOMUtils ; 5.48549 ; 0.0727159 ; 0.0196286 ; 0.159005 ; 0.0480047 ; 
org::apache::lucene::util::cache::SimpleMapCache ; 1.26735 ; 3.98813e-4 ; 0.0120944 ; 0.0539188 ; 0.0490618 ; 
org::apache::lucene::analysis::de::GermanAnalyzer ; 0 ; 0 ; 0 ; 0 ; 0 ; 
org::apache::lucene::xmlparser::FilterBuilderFactory ; 4.12294 ; 0.0208157 ; 0.0573708 ; 0.218393 ; 0.108978 ; 
org::apache::lucene::benchmark::byTask::tasks::RepSumByNameRoundTask ; 3.28866 ; 0.0170226 ; 0.00774168 ; 0.0876976 ; 0.00527147 ; 
org::apache::lucene::benchmark::byTask::tasks::RepSumByPrefRoundTask ; 3.28866 ; 0.0167688 ; 0.00774168 ; 0.0876976 ; 0.00527147 ; 
org::apache::lucene::index::DefaultSkipListWriter ; 3.69563 ; 0.0541249 ; 0.0372384 ; 0.158247 ; 0.12715 ; 
org::apache::lucene::index::SegmentMergeQueue ; 1.64243 ; 0.00391152 ; 0.00325183 ; 0.0418737 ; 0.00116335 ; 
org::apache::lucene::search::highlight::WeightedSpanTerm ; 1.05147 ; 0.00465413 ; 0.00844083 ; 0.0416713 ; 0.0334121 ; 
org::apache::lucene::index::TermsHash ; 1.54522 ; 0.0107276 ; 0.0273145 ; 0.0891453 ; 0.0962259 ; 
org::apache::lucene::benchmark::byTask::feeds::SortableSimpleDocMaker ; 1.23854 ; 9.90187e-4 ; 0.0519223 ; 0.145898 ; 0.106899 ; 
org::apache::lucene::analysis::KeywordAnalyzer ; 3.22194 ; 0.0988745 ; 0.00348845 ; 0.0711839 ; 3.64505e-5 ; 
org::apache::lucene::xmlparser::builders::CachedFilterBuilder ; 4.71817 ; 0.038075 ; 0.0654335 ; 0.251675 ; 0.140904 ; 
org::apache::lucene::search::highlight::TextFragment ; 0 ; 0 ; 0 ; 0 ; 0 ; 
org::apache::lucene::benchmark::byTask::stats::TaskStats ; 3.28866 ; 0.0552344 ; 0.00774168 ; 0.0876976 ; 0.00527147 ; 
org::apache::lucene::search::ScoreDoc ; 1.64243 ; 0.00391152 ; 0.00325183 ; 0.0418737 ; 0.00116335 ; 
org::apache::lucene::search::ReqExclScorer ; 3.0742 ; 0.0169033 ; 0.00472009 ; 0.0731342 ; 0.00117257 ; 
org::apache::lucene::queryParser::precedence::Token ; 1.31187 ; 0.00868421 ; 0.00138824 ; 0.0288405 ; 1.14211e-5 ; 
org::apache::lucene::index::TermInfosWriter ; 9.59891 ; 0.287962 ; 0.0310337 ; 0.273717 ; 0.0697348 ; 
org::apache::lucene::search::function::ReverseOrdFieldSource ; 3.93677 ; 0.00562569 ; 0.0617223 ; 0.227022 ; 0.126922 ; 
org::apache::lucene::benchmark::byTask::tasks::CreateIndexTask ; 9.35438 ; 0.0803641 ; 0.0922037 ; 3.49127 ; 0.146405 ; 
org::apache::lucene::search::highlight::NullFragmenter ; 3.0352 ; 0.00794454 ; 0.00507112 ; 0.0739787 ; 0.00123629 ; 
org::apache::lucene::benchmark::byTask::tasks::ClearStatsTask ; 3.28866 ; 0.013807 ; 0.00774168 ; 0.0876976 ; 0.00527147 ; 
org::apache::lucene::queryParser::QueryParserTokenManager ; 10.2371 ; 0.598752 ; 0.108996 ; 0.456687 ; 0.266352 ; 
org::apache::lucene::analysis::ru::RussianCharsets ; 0 ; 0 ; 0 ; 0 ; 0 ; 
org::apache::lucene::search::highlight::WeightedTerm ; 0 ; 0 ; 0 ; 0 ; 0 ; 
org::apache::lucene::queryParser::QueryParser ; 23.6331 ; 0.865223 ; 0.13696 ; 0.797407 ; 0.298367 ; 
org::apache::lucene::store::RAMOutputStream ; 13.5448 ; 0.146081 ; 0.0774005 ; 0.453825 ; 0.17475 ; 
org::apache::lucene::store::RAMInputStream ; 9.10209 ; 0.0914275 ; 0.0272107 ; 0.256815 ; 0.045721 ; 
org::apache::lucene::search::PhrasePositions ; 2.6029 ; 0.0115137 ; 0.0057418 ; 0.0681672 ; 0.00340696 ; 
org::apache::lucene::analysis::miscellaneous::PrefixAndSuffixAwareTokenFilter ; 2.35699 ; 0.00575777 ; 0.0440601 ; 0.140911 ; 0.148302 ; 
org::apache::lucene::analysis::br::BrazilianStemmer ; 0 ; 0 ; 0 ; 0 ; 0 ; 
org::apache::lucene::search::SloppyPhraseScorer ; 3.75035 ; 0.148683 ; 0.0273738 ; 0.136886 ; 0.0778025 ; 
org::apache::lucene::benchmark::quality::QualityStats ; 3.00249 ; 0.0176672 ; 0.0134887 ; 0.096298 ; 0.0366511 ; 
org::apache::lucene::index::DocFieldConsumers ; 0.792859 ; 5.1848e-4 ; 0.0122672 ; 0.0424562 ; 0.0457934 ; 
org::apache::lucene::index::SegmentTermPositionVector ; 2.99256 ; 0.00675117 ; 0.00705617 ; 0.0796972 ; 0.00545641 ; 
org::apache::lucene::store::je::JEIndexInput ; 3.81886 ; 0.0130551 ; 0.0564659 ; 0.209658 ; 0.108135 ; 
org::apache::lucene::search::CachingSpanFilter ; 2.35 ; 0.00431126 ; 0.00996333 ; 0.0740046 ; 0.0254293 ; 
